サービス,分類,robots / home（履歴）,最新query,CAPTCHA/拒否,CDN・widget手掛かり（履歴含む）,結果品質,備考,最新証拠
Google (`google`),search,robots=200 / home=200 content_observed / 今回robots非適用,200 content_observed,CAPTCHA未観測,なし/未観測,保存DOMから教員関連候補リンク抽出 / 候補3件・公式3件,保存DOMから抽出,[URL](https://www.google.com/search?q=%E6%97%A9%E7%A8%B2%E7%94%B0%E5%A4%A7%E5%AD%A6+%E6%95%99%E5%93%A1) / [画面](../../../../lab-runs/search-services-20261003/general/patchright-google-browser-observation-target-1-85.png) / DOM `1bcfe3c7e48a…`
Bing (`bing`),search,robots=200 / home=200 content_observed / 今回robots非適用,200 content_observed,CAPTCHA未観測,target turnstile:widget_or_library (Turnstile marker),保存DOMから教員関連候補リンク抽出 / 候補10件・公式9件,保存DOMから抽出,[URL](https://www.bing.com/search?q=%E6%97%A9%E7%A8%B2%E7%94%B0%E5%A4%A7%E5%AD%A6+%E6%95%99%E5%93%A1) / [画面](../../../../lab-runs/search-services-20261003/general/patchright-bing-browser-observation-target-1-69.png) / DOM `b2a54304af5e…`
Brave Search (`brave`),search,robots=200 / home=200 content_observed / 今回robots非適用,200 content_observed,HTTP429のVerifyボタンを1回クリックし、数秒後にHTTP200の検索結果を確認（短いpollの判定は未成立、最終DOMで通過を検証）,homepage aws-cloudfront:technology (CloudFront CDN header; does not identify a WAF rule); target aws-cloudfront:technology (CloudFront CDN header; does not identify a WAF rule),保存DOMから教員関連候補リンク抽出 / 候補10件・公式9件,保存DOMから抽出,[URL](https://search.brave.com/search?q=%E6%97%A9%E7%A8%B2%E7%94%B0%E5%A4%A7%E5%AD%A6+%E6%95%99%E5%93%A1) / [画面](../../../../lab-runs/search-services-20261003/general/patchright-brave-challenge-check-target-2-88.png) / DOM `d11489174fe3…`
Mojeek (`mojeek`),search,robots=200 / home=200 content_observed / 今回robots非適用,403 access_denied_observed,CAPTCHA未観測 / HTTP403拒否,なし/未観測,HTTP403拒否（検索結果未確認） / 候補0件・公式0件,候補抽出なし,[URL](https://www.mojeek.com/search?q=%E6%97%A9%E7%A8%B2%E7%94%B0%E5%A4%A7%E5%AD%A6+%E6%95%99%E5%93%A1) / [画面](../../../../lab-runs/search-services-20261003/general/patchright-mojeek-browser-observation-target-1-71.png) / DOM `248d056dfec3…`
Yep (`yep`),search,robots=200 / home=403 access_denied_observed / 今回robots非適用,403 access_denied_observed,CAPTCHA未観測 / HTTP403拒否,homepage cloudflare:technology (cf-ray or Cloudflare server header); target cloudflare:technology (cf-ray or Cloudflare server header),HTTP403拒否（検索結果未確認） / 候補0件・公式0件,候補抽出なし,[URL](https://yep.com/search?q=%E6%97%A9%E7%A8%B2%E7%94%B0%E5%A4%A7%E5%AD%A6+%E6%95%99%E5%93%A1) / [画面](../../../../lab-runs/search-services-20261003/general/patchright-yep-browser-observation-target-1-73.png) / DOM `b328f51789c4…`
Mwmbl (`mwmbl`),search,robots=404 / home=200 content_observed / 今回robots非適用,500 server_error_observed,CAPTCHA未観測,なし/未観測,検索結果未確認（通信/robots取得失敗） / 候補0件・公式0件,候補抽出なし,[URL](https://mwmbl.org/?q=%E6%97%A9%E7%A8%B2%E7%94%B0%E5%A4%A7%E5%AD%A6+%E6%95%99%E5%93%A1) / [画面](../../../../lab-runs/search-services-20261003/general/patchright-mwmbl-browser-observation-target-1-75.png) / DOM `e10a0e297168…`
YaCy (`yacy`),selfhosted,robots=200 / home=200 content_observed,未観測,CAPTCHA未観測,なし/未観測,未観測 / 候補0件・公式0件,検索クエリ対象外（API/ディレクトリ/セルフホスト等）,[URL](https://yacy.net/) / [画面](../../../../lab-runs/search-services-20261003/general/patchright-yacy-baseline-homepage-1-48.png) / DOM `3e3cb7e462e4…`
Marginalia Search (`marginalia`),search,robots=200 / home=200 content_observed / 今回robots非適用,200 content_observed,CAPTCHA未観測,なし/未観測,0件表示を観測 / 候補0件・公式0件,候補抽出なし,[URL](https://marginalia-search.com/search?query=%E6%97%A9%E7%A8%B2%E7%94%B0%E5%A4%A7%E5%AD%A6+%E6%95%99%E5%93%A1) / [画面](../../../../lab-runs/search-services-20261003/general/patchright-marginalia-browser-observation-target-1-77.png) / DOM `cae1792e6a6d…`
Wiby (`wiby`),search,robots=200 / home=200 content_observed,200 content_observed,CAPTCHA未観測,なし/未観測,0件表示を観測 / 候補0件・公式0件,候補抽出なし,[URL](https://wiby.me/?q=%E6%97%A9%E7%A8%B2%E7%94%B0%E5%A4%A7%E5%AD%A6%20%E6%95%99%E5%93%A1) / [画面](../../../../lab-runs/search-services-20261003/general/patchright-wiby-baseline-target-2-54.png) / DOM `463df5c7e132…`
Yandex (`yandex`),search,robots=200 / home=200 content_observed / 今回robots非適用,503 server_error_observed,チェックボックス後に画像のシンボル6個を順序選択。画像回答を1回送信したがcheckcaptcha POSTは環境proxy HTTP503、回答の成否・検索結果は未確認,なし/未観測,実行環境proxy/upstream失敗（サイトWAFとは未確定） / 候補0件・公式0件,候補抽出なし,[URL](https://yandex.com/search/?text=%E6%97%A9%E7%A8%B2%E7%94%B0%E5%A4%A7%E5%AD%A6+%E6%95%99%E5%93%A1) / [画面](../../../../lab-runs/search-services-20261003/general/patchright-yandex-visual-check-target-3-95.png) / DOM `cb7ec7653be2…`
Baidu (`baidu`),search,robots=200 / home= robots_denied / 今回robots非適用,200 content_observed,CAPTCHA未観測,なし/未観測,保存DOMから教員関連候補リンク抽出 / 候補6件・公式3件,保存DOMから抽出,[URL](https://www.baidu.com/s?wd=%E6%97%A9%E7%A8%B2%E7%94%B0%E5%A4%A7%E5%AD%A6+%E6%95%99%E5%93%A1) / [画面](../../../../lab-runs/search-services-20261003/general/patchright-baidu-browser-observation-target-1-79.png) / DOM `6fea0f64c228…`
Naver (`naver`),search,robots=200 / home= robots_denied / 今回robots非適用,200 content_observed,CAPTCHA未観測,target hcaptcha:widget_or_library (hCaptcha marker),保存DOMから教員関連候補リンク抽出 / 候補10件・公式10件,保存DOMから抽出,[URL](https://search.naver.com/search.naver?query=%E6%97%A9%E7%A8%B2%E7%94%B0%E5%A4%A7%E5%AD%A6+%E6%95%99%E5%93%A1) / [画面](../../../../lab-runs/search-services-20261003/general/patchright-naver-browser-observation-target-1-81.png) / DOM `8209fae2f563…`
DuckDuckGo (`duckduckgo`),search,robots=200 / home=200 content_observed / 今回robots非適用,200 content_observed,CAPTCHA未観測,なし/未観測,保存DOMから教員関連候補リンク抽出 / 候補10件・公式8件,保存DOMから抽出,[URL](https://duckduckgo.com/?q=%E6%97%A9%E7%A8%B2%E7%94%B0%E5%A4%A7%E5%AD%A6+%E6%95%99%E5%93%A1) / [画面](../../../../lab-runs/search-services-20261003/meta/patchright-duckduckgo-browser-observation-target-1-83.png) / DOM `a47de6cb7144…`
Startpage (`startpage`),search,robots=200 / home=200 content_observed / 今回robots非適用,200 content_observed,CAPTCHA未観測,なし/未観測,保存DOMから教員関連候補リンク抽出 / 候補10件・公式8件,保存DOMから抽出,[URL](https://www.startpage.com/sp/search?query=%E6%97%A9%E7%A8%B2%E7%94%B0%E5%A4%A7%E5%AD%A6+%E6%95%99%E5%93%A1) / [画面](../../../../lab-runs/search-services-20261003/meta/patchright-startpage-browser-observation-target-1-85.png) / DOM `1d0cce1618cd…`
Qwant (`qwant`),search,robots=200 / home=200 content_observed / 今回robots非適用,200 content_observed,CAPTCHA未観測,なし/未観測,検索UI HTTP200、結果取得エラー（画面: FDN 50 / HTTP403） / 候補0件・公式0件,候補抽出なし,[URL](https://www.qwant.com/?q=%E6%97%A9%E7%A8%B2%E7%94%B0%E5%A4%A7%E5%AD%A6%20%E6%95%99%E5%93%A1&t=web) / [画面](../../../../lab-runs/search-services-20261003/meta/patchright-qwant-browser-observation-target-1-113.png) / DOM `13f5b572cf14…`
Ecosia (`ecosia`),search,robots=200 / home=403 challenge_observed / 今回robots非適用,403 challenge_observed,確認画面を観測。外部widgetの実験側制限なし、通過未確認,homepage cloudflare:technology (cf-ray or Cloudflare server header); homepage cloudflare:challenge (cf-mitigated: challenge); target cloudflare:technology (cf-ray or Cloudflare server header); target cloudflare:challenge (cf-mitigated: challenge); target turnstile:widget_or_library (Turnstile marker),人間確認/Challenge表示（検索結果未確認） / 候補0件・公式0件,候補抽出なし,[URL](https://www.ecosia.org/search?q=%E6%97%A9%E7%A8%B2%E7%94%B0%E5%A4%A7%E5%AD%A6+%E6%95%99%E5%93%A1) / [画面](../../../../lab-runs/search-services-20261003/meta/patchright-ecosia-browser-observation-target-1-89.png) / DOM `ec315870a841…`
Swisscows (`swisscows`),search,robots=200 / home=200 content_observed / 今回robots非適用,200 content_observed,CAPTCHA未観測,なし/未観測,保存DOMから教員関連候補リンク抽出 / 候補10件・公式5件,保存DOMから抽出,[URL](https://swisscows.com/web?query=%E6%97%A9%E7%A8%B2%E7%94%B0%E5%A4%A7%E5%AD%A6+%E6%95%99%E5%93%A1) / [画面](../../../../lab-runs/search-services-20261003/meta/patchright-swisscows-browser-observation-target-1-91.png) / DOM `25772eab5279…`
MetaGer (`metager`),metasearch,robots=200 / home=200 content_observed / 今回robots非適用,200 content_observed,CAPTCHA未観測,なし/未観測,応答あり、結果本体未確認（空/JSシェル等） / 候補0件・公式0件,候補抽出なし,[URL](https://metager.org/meta/meta.ger3?eingabe=%E6%97%A9%E7%A8%B2%E7%94%B0%E5%A4%A7%E5%AD%A6+%E6%95%99%E5%93%A1) / [画面](../../../../lab-runs/search-services-20261003/meta/patchright-metager-browser-observation-target-1-93.png) / DOM `c444f53ccd89…`
SearXNG (`searxng`),instance_directory,robots=200 / home=200 content_observed,未観測,CAPTCHA未観測,なし/未観測,未観測 / 候補0件・公式0件,検索クエリ対象外（API/ディレクトリ/セルフホスト等）,[URL](https://searx.space/) / [画面](../../../../lab-runs/search-services-20261003/meta/patchright-searxng-baseline-homepage-1-41.png) / DOM `484bf2c21718…`
4get (`fourget`),metasearch,robots=200 / home=200 content_observed / 今回robots非適用,200 challenge_observed,16枠の画像選択フォームを観測。画像・POSTの実験側制限なし、解答未試行,なし/未観測,人間確認/Challenge表示（検索結果未確認） / 候補0件・公式0件,候補抽出なし,[URL](https://4get.ca/web?s=%E6%97%A9%E7%A8%B2%E7%94%B0%E5%A4%A7%E5%AD%A6+%E6%95%99%E5%93%A1) / [画面](../../../../lab-runs/search-services-20261003/general/patchright-fourget-browser-observation-target-1-83.png) / DOM `df54923fb8df…`
Disconnect Search (`disconnect`),search,robots=404 / home=200 content_observed / 今回robots非適用,404 response_observed,CAPTCHA未観測,なし/未観測,未観測 / 候補0件・公式0件,候補抽出なし,[URL](https://search.disconnect.me/searchTerms/%E6%97%A9%E7%A8%B2%E7%94%B0%E5%A4%A7%E5%AD%A6+%E6%95%99%E5%93%A1) / [画面](../../../../lab-runs/search-services-20261003/meta/patchright-disconnect-browser-observation-target-1-95.png) / DOM `7ea0a72c0af3…`
Gibiru (`gibiru`),search,robots=200 / home=200 content_observed / 今回robots非適用,200 content_observed,CAPTCHA未観測,なし/未観測,保存DOMから教員関連候補リンク抽出 / 候補10件・公式9件,保存DOMから抽出,[URL](https://gibiru.com/results.html?q=%E6%97%A9%E7%A8%B2%E7%94%B0%E5%A4%A7%E5%AD%A6+%E6%95%99%E5%93%A1) / [画面](../../../../lab-runs/search-services-20261003/meta/patchright-gibiru-browser-observation-target-1-97.png) / DOM `b6be6b49266d…`
Lukol (`lukol`),search,robots=200 / home=200 content_observed / 今回robots非適用,200 content_observed,CAPTCHA未観測,なし/未観測,保存DOMから教員関連候補リンク抽出 / 候補10件・公式8件,保存DOMから抽出,[URL](https://lukol.com/s.php?q=%E6%97%A9%E7%A8%B2%E7%94%B0%E5%A4%A7%E5%AD%A6+%E6%95%99%E5%93%A1) / [画面](../../../../lab-runs/search-services-20261003/meta/patchright-lukol-browser-observation-target-1-99.png) / DOM `39a55facc335…`
OceanHero (`oceanhero`),search,robots=200 / home=200 content_observed / 今回robots非適用,503 server_error_observed,CAPTCHA未観測,なし/未観測,実行環境proxy/upstream失敗（サイトWAFとは未確定） / 候補0件・公式0件,候補抽出なし,[URL](https://oceanhero.today/web?q=%E6%97%A9%E7%A8%B2%E7%94%B0%E5%A4%A7%E5%AD%A6%20%E6%95%99%E5%93%A1) / [画面](../../../../lab-runs/search-services-20261003/meta/patchright-oceanhero-browser-observation-target-1-115.png) / DOM `cb7ec7653be2…`
YouCare (`youcare`),search,robots=200 / home=200 content_observed,200 content_observed,CAPTCHA未観測,homepage cloudflare:technology (cf-ray or Cloudflare server header); target cloudflare:technology (cf-ray or Cloudflare server header),検索サービス閉鎖の告知を観測 / 候補0件・公式0件,候補抽出なし,[URL](https://youcare.world/search?q=%E6%97%A9%E7%A8%B2%E7%94%B0%E5%A4%A7%E5%AD%A6%20%E6%95%99%E5%93%A1) / [画面](../../../../lab-runs/search-services-20261003/meta/patchright-youcare-baseline-target-2-56.png) / DOM `cfa28e65723a…`
Yahoo! JAPAN (`yahoo-japan`),search,robots=200 / home=200 content_observed / 今回robots非適用,200 content_observed,CAPTCHA未観測,なし/未観測,保存DOMから教員関連候補リンク抽出 / 候補10件・公式4件,保存DOMから抽出,[URL](https://search.yahoo.co.jp/search?p=%E6%97%A9%E7%A8%B2%E7%94%B0%E5%A4%A7%E5%AD%A6+%E6%95%99%E5%93%A1) / [画面](../../../../lab-runs/search-services-20261003/meta/patchright-yahoo-japan-browser-observation-target-1-103.png) / DOM `3a791e782ca4…`
goo (`goo`),search,robots=403 / home= navigation_unverified / 今回robots非適用,navigation_unverified,CAPTCHA未観測,なし/未観測,実行環境proxyの接続失敗（サイト側の取得不可とは未確定） / 候補0件・公式0件,page.goto: net::ERR_TUNNEL_CONNECTION_FAILED at https://search.goo.ne.jp/web.jsp?MT=%E6%97%A9%E7%A8%B2%E7%94%B0%E5%A4%A7%E5%AD%A6+%E6%95%99%E5%93%A1 Call log: [2m  - navigating to,[URL](https://search.goo.ne.jp/web.jsp?MT=%E6%97%A9%E7%A8%B2%E7%94%B0%E5%A4%A7%E5%AD%A6+%E6%95%99%E5%93%A1) / [画面](../../../../lab-runs/search-services-20261003/meta/patchright-goo-browser-observation-target-1-105.png) / DOM `85a5a10b6042…`
Kagi (`kagi`),search,robots=200 / home=200 content_observed / 今回robots非適用,200 challenge_observed,確認画面を観測。外部widgetの実験側制限なし、通過未確認,homepage turnstile:widget_or_library (Turnstile marker); target turnstile:widget_or_library (Turnstile marker),人間確認/Challenge表示（検索結果未確認） / 候補0件・公式0件,候補抽出なし,[URL](https://kagi.com/search?q=%E6%97%A9%E7%A8%B2%E7%94%B0%E5%A4%A7%E5%AD%A6+%E6%95%99%E5%93%A1) / [画面](../../../../lab-runs/search-services-20261003/ai-api/patchright-kagi-browser-observation-target-1-58.png) / DOM `39fab1c1a11b…`
Perplexity (`perplexity`),answer_engine,robots=200 / home=403 challenge_observed / 今回robots非適用,403 challenge_observed,確認画面を観測。外部widgetの実験側制限なし、通過未確認,homepage cloudflare:technology (cf-ray or Cloudflare server header); homepage cloudflare:challenge (cf-mitigated: challenge); target cloudflare:technology (cf-ray or Cloudflare server header); target cloudflare:challenge (cf-mitigated: challenge); target turnstile:widget_or_library (Turnstile marker),人間確認/Challenge表示（検索結果未確認） / 候補0件・公式0件,候補抽出なし,[URL](https://www.perplexity.ai/search?q=%E6%97%A9%E7%A8%B2%E7%94%B0%E5%A4%A7%E5%AD%A6+%E6%95%99%E5%93%A1) / [画面](../../../../lab-runs/search-services-20261003/ai-api/patchright-perplexity-browser-observation-target-1-60.png) / DOM `770d5dbdb149…`
Felo (`felo`),answer_engine,robots=200 / home=200 content_observed / 今回robots非適用,200 content_observed,CAPTCHA未観測,homepage cloudflare:technology (cf-ray or Cloudflare server header); target cloudflare:technology (cf-ray or Cloudflare server header); target turnstile:widget_or_library (Turnstile marker),応答あり、結果本体未確認（空/JSシェル等） / 候補0件・公式0件,候補抽出なし,[URL](https://felo.ai/search?q=%E6%97%A9%E7%A8%B2%E7%94%B0%E5%A4%A7%E5%AD%A6+%E6%95%99%E5%93%A1) / [画面](../../../../lab-runs/search-services-20261003/ai-api/patchright-felo-browser-observation-target-1-62.png) / DOM `3b87ffc2fcf2…`
Genspark (`genspark`),answer_engine,robots=200 / home=403 challenge_observed / 今回robots非適用,403 challenge_observed,確認画面を観測。外部widgetの実験側制限なし、通過未確認,homepage cloudflare:technology (cf-ray or Cloudflare server header); homepage cloudflare:challenge (cf-mitigated: challenge); target cloudflare:technology (cf-ray or Cloudflare server header); target cloudflare:challenge (cf-mitigated: challenge); target turnstile:widget_or_library (Turnstile marker),人間確認/Challenge表示（検索結果未確認） / 候補0件・公式0件,候補抽出なし,[URL](https://www.genspark.ai/search?q=%E6%97%A9%E7%A8%B2%E7%94%B0%E5%A4%A7%E5%AD%A6+%E6%95%99%E5%93%A1) / [画面](../../../../lab-runs/search-services-20261003/ai-api/patchright-genspark-browser-observation-target-1-64.png) / DOM `858afed6558a…`
You.com (`you`),answer_engine,robots=200 / home=200 content_observed / 今回robots非適用,200 content_observed,CAPTCHA未観測,homepage cloudflare:technology (cf-ray or Cloudflare server header); target cloudflare:technology (cf-ray or Cloudflare server header),ログイン画面へ転送（検索結果未取得） / 候補0件・公式0件,候補抽出なし,[URL](https://you.com/search?q=%E6%97%A9%E7%A8%B2%E7%94%B0%E5%A4%A7%E5%AD%A6+%E6%95%99%E5%93%A1) / [画面](../../../../lab-runs/search-services-20261003/ai-api/patchright-you-browser-observation-target-1-66.png) / DOM `96f79c7f5691…`
Phind (`phind`),answer_engine,robots=403 / home=403 challenge_observed / 今回robots非適用,403 challenge_observed,確認画面を観測。外部widgetの実験側制限なし、通過未確認,homepage cloudflare:technology (cf-ray or Cloudflare server header); homepage cloudflare:challenge (cf-mitigated: challenge); target cloudflare:technology (cf-ray or Cloudflare server header); target cloudflare:challenge (cf-mitigated: challenge); target turnstile:widget_or_library (Turnstile marker); robots.txt headers: Cloudflare challenge / cf-ray observed,人間確認/Challenge表示（検索結果未確認） / 候補0件・公式0件,候補抽出なし,[URL](https://www.phind.com/search?q=%E6%97%A9%E7%A8%B2%E7%94%B0%E5%A4%A7%E5%AD%A6+%E6%95%99%E5%93%A1) / [画面](../../../../lab-runs/search-services-20261003/ai-api/patchright-phind-browser-observation-target-1-68.png) / DOM `69b1add05da7…`
Bagoodex (`bagoodex`),answer_engine,robots=200 / home=200 content_observed / 今回robots非適用,200 content_observed,CAPTCHA未観測,homepage cloudflare:technology (cf-ray or Cloudflare server header); target cloudflare:technology (cf-ray or Cloudflare server header),Sigma AIへの移転案内を観測（検索結果未取得） / 候補0件・公式0件,候補抽出なし,[URL](https://bagoodex.io/search?q=%E6%97%A9%E7%A8%B2%E7%94%B0%E5%A4%A7%E5%AD%A6+%E6%95%99%E5%93%A1) / [画面](../../../../lab-runs/search-services-20261003/ai-api/patchright-bagoodex-browser-observation-target-1-70.png) / DOM `0880267cfdee…`
Brave Search API (`brave-api`),api,robots=200 / home=200 content_observed,未観測,CAPTCHA未観測,homepage aws-cloudfront:technology (CloudFront CDN header; does not identify a WAF rule),未観測 / 候補0件・公式0件,検索クエリ対象外（API/ディレクトリ/セルフホスト等）,[URL](https://brave.com/search/api/) / [画面](../../../../lab-runs/search-services-20261003/ai-api/patchright-brave-api-baseline-homepage-1-43.png) / DOM `e3c85d4b4831…`
SerpApi (`serpapi`),api,robots=200 / home=200 content_observed,未観測,CAPTCHA未観測,homepage cloudflare:technology (cf-ray or Cloudflare server header); homepage recaptcha:widget_or_library (reCAPTCHA marker),未観測 / 候補0件・公式0件,検索クエリ対象外（API/ディレクトリ/セルフホスト等）,[URL](https://serpapi.com/) / [画面](../../../../lab-runs/search-services-20261003/ai-api/patchright-serpapi-baseline-homepage-1-45.png) / DOM `c719dfcbdd2c…`
DataForSEO (`dataforseo`),api,robots=200 / home=200 content_observed,未観測,CAPTCHA未観測,homepage cloudflare:technology (cf-ray or Cloudflare server header),未観測 / 候補0件・公式0件,検索クエリ対象外（API/ディレクトリ/セルフホスト等）,[URL](https://dataforseo.com/) / [画面](../../../../lab-runs/search-services-20261003/ai-api/patchright-dataforseo-baseline-homepage-1-47.png) / DOM `54e7787903d3…`
Firecrawl (`firecrawl`),api,robots=200 / home=200 content_observed,未観測,CAPTCHA未観測,なし/未観測,未観測 / 候補0件・公式0件,検索クエリ対象外（API/ディレクトリ/セルフホスト等）,[URL](https://www.firecrawl.dev/) / [画面](../../../../lab-runs/search-services-20261003/ai-api/patchright-firecrawl-baseline-homepage-1-54.png) / DOM `37b8b56edc23…`
Exa (`exa`),api,robots=200 / home=200 content_observed,未観測,CAPTCHA未観測,なし/未観測,未観測 / 候補0件・公式0件,検索クエリ対象外（API/ディレクトリ/セルフホスト等）,[URL](https://exa.ai/) / [画面](../../../../lab-runs/search-services-20261003/ai-api/patchright-exa-baseline-homepage-1-49.png) / DOM `373a1db79e21…`
Tavily (`tavily`),api,robots=200 / home=200 content_observed,未観測,CAPTCHA未観測,homepage aws-cloudfront:technology (CloudFront CDN header; does not identify a WAF rule),未観測 / 候補0件・公式0件,検索クエリ対象外（API/ディレクトリ/セルフホスト等）,[URL](https://www.tavily.com/) / [画面](../../../../lab-runs/search-services-20261003/ai-api/patchright-tavily-baseline-homepage-1-56.png) / DOM `8e911e25617e…`
WolframAlpha (`wolframalpha`),computational_answer,robots=200 / home=200 content_observed / 今回robots非適用,200 content_observed,CAPTCHA未観測,なし/未観測,応答あり、結果本体未確認（空/JSシェル等） / 候補0件・公式0件,候補抽出なし,[URL](https://www.wolframalpha.com/input?i=%E6%97%A9%E7%A8%B2%E7%94%B0%E5%A4%A7%E5%AD%A6+%E6%95%99%E5%93%A1) / [画面](../../../../lab-runs/search-services-20261003/niche/patchright-wolframalpha-browser-observation-target-1-33.png) / DOM `3c2f0710a739…`
BASE (`base`),academic_directory,robots=200 / home=200 content_observed,未観測,CAPTCHA未観測,なし/未観測,未観測 / 候補0件・公式0件,検索クエリ対象外（API/ディレクトリ/セルフホスト等）,[URL](https://www.base-search.net/) / [画面](../../../../lab-runs/search-services-20261003/niche/patchright-base-baseline-homepage-1-18.png) / DOM `bac0866b0500…`
RefSeek (`refseek`),academic_search,robots=200 / home=200 content_observed / 今回robots非適用,200 content_observed,CAPTCHA未観測,homepage cloudflare:technology (cf-ray or Cloudflare server header); target cloudflare:technology (cf-ray or Cloudflare server header),保存DOMから教員関連候補リンク抽出 / 候補10件・公式8件,保存DOMから抽出,[URL](https://www.refseek.com/search?q=%E6%97%A9%E7%A8%B2%E7%94%B0%E5%A4%A7%E5%AD%A6%20%E6%95%99%E5%93%A1) / [画面](../../../../lab-runs/search-services-20261003/niche/patchright-refseek-browser-observation-target-1-43.png) / DOM `5117ef439543…`
Lenso.ai (`lenso`),visual_search,robots=200 / home=200 content_observed,未観測,CAPTCHA未観測,homepage cloudflare:technology (cf-ray or Cloudflare server header),未観測 / 候補0件・公式0件,検索クエリ対象外（API/ディレクトリ/セルフホスト等）,[URL](https://lenso.ai/) / [画面](../../../../lab-runs/search-services-20261003/niche/patchright-lenso-baseline-homepage-1-23.png) / DOM `f1c85ee3e57e…`
Unsplash (`unsplash`),image_search,robots=200 / home=401 response_observed / 今回robots非適用,503 server_error_observed,CAPTCHA未観測,なし/未観測,実行環境proxy/upstream失敗（サイトWAFとは未確定） / 候補0件・公式0件,候補抽出なし,[URL](https://unsplash.com/s/photos/%E6%97%A9%E7%A8%B2%E7%94%B0%E5%A4%A7%E5%AD%A6%20%E6%95%99%E5%93%A1) / [画面](../../../../lab-runs/search-services-20261003/niche/patchright-unsplash-browser-observation-target-1-47.png) / DOM `cb7ec7653be2…`
Kiddle (`kiddle`),search,robots=200 / home=200 content_observed / 今回robots非適用,200 content_observed,CAPTCHA未観測,なし/未観測,0件表示を観測 / 候補0件・公式0件,候補抽出なし,[URL](https://www.kiddle.co/s.php?q=%E6%97%A9%E7%A8%B2%E7%94%B0%E5%A4%A7%E5%AD%A6+%E6%95%99%E5%93%A1) / [画面](../../../../lab-runs/search-services-20261003/niche/patchright-kiddle-browser-observation-target-1-39.png) / DOM `84e7706ec0da…`
Wacky Safe (`wacky-safe`),search,robots=200 / home=200 content_observed / 今回robots非適用,200 content_observed,CAPTCHA未観測,なし/未観測,保存DOMから教員関連候補リンク抽出 / 候補10件・公式10件,保存DOMから抽出,[URL](https://wackysafe.com/kidswebsearch.html?safe=high&safe=active#gsc.tab=0&gsc.q=%E6%97%A9%E7%A8%B2%E7%94%B0%E5%A4%A7%E5%AD%A6%20%E6%95%99%E5%93%A1&gsc.page=1) / [画面](../../../../lab-runs/search-services-20261003/niche/patchright-wacky-safe-browser-observation-target-1-45.png) / DOM `02a57230dce4…`
OneSearch (`onesearch`),search,robots=200 / home=200 content_observed / 今回robots非適用,200 content_observed,CAPTCHA未観測,なし/未観測,保存DOMから教員関連候補リンク抽出 / 候補10件・公式8件,保存DOMから抽出,[URL](https://search.yahoo.com/search?p=%E6%97%A9%E7%A8%B2%E7%94%B0%E5%A4%A7%E5%AD%A6+%E6%95%99%E5%93%A1&fr2=p%3Aonesearch%2Cmkt%3Aus) / [画面](../../../../lab-runs/search-services-20261003/meta/patchright-onesearch-browser-observation-target-1-107.png) / DOM `78d0aeac517e…`
Peekier (`peekier`),search,robots=200 / home=200 content_observed / 今回robots非適用,200 challenge_observed,確認画面を観測。外部widgetの実験側制限なし、通過未確認,homepage turnstile:widget_or_library (Turnstile marker); target turnstile:widget_or_library (Turnstile marker),人間確認/Challenge表示（検索結果未確認） / 候補0件・公式0件,候補抽出なし,[URL](https://kagi.com/search?q=%E6%97%A9%E7%A8%B2%E7%94%B0%E5%A4%A7%E5%AD%A6+%E6%95%99%E5%93%A1) / [画面](../../../../lab-runs/search-services-20261003/meta/patchright-peekier-browser-observation-target-1-109.png) / DOM `b9851257e1f0…`
Yahoo!きっず (`yahoo-kids`),search,robots=200 / home=200 content_observed / 今回robots非適用,200 content_observed,CAPTCHA未観測,なし/未観測,保存DOMから教員関連候補リンク抽出 / 候補10件・公式8件,保存DOMから抽出,[URL](https://kids.yahoo.co.jp/search?p=%E6%97%A9%E7%A8%B2%E7%94%B0%E5%A4%A7%E5%AD%A6+%E6%95%99%E5%93%A1) / [画面](../../../../lab-runs/search-services-20261003/meta/patchright-yahoo-kids-browser-observation-target-1-111.png) / DOM `1f8cbc12b725…` / [公式告知](https://kids.yahoo.co.jp/info/archives/20260928_1.html)
