url,title,observed_providers,selected_providers,selected
https://www.instagram.com/p/DJLz3EvJh1v/,"池上本門寺 on Instagram: ""松濤園一般公開のお知らせ 池上 ... Instagram https://www.instagram.com>...",bing;brave;duckduckgo;yahoo-japan,bing;brave;duckduckgo;yahoo-japan,true
https://oniwa.garden/ikegami-honmonji-temple-tokyo/,池上本門寺庭園“松涛園” ― 小堀遠州作庭…東京都大田区の庭園。 庭園情報メディア【おにわさん】 https://oniwa.garden>...>大田区・品川区の庭園,brave;duckduckgo;yahoo-japan;yandex,brave;duckduckgo;yahoo-japan;yandex,true
https://rent-yaguchi.com/cms/slog/entry/153,年に一度の一般公開！池上本門寺の美しい奥庭・松濤園 rent-yaguchi.com https://rent-yaguchi.com>cms>slog>entry,bing;brave;duckduckgo;yahoo-japan,bing;brave;duckduckgo;yahoo-japan,true
https://www.facebook.com/otakanko/posts/%E6%9D%B1%E4%BA%AC%E6%B1%A0%E4%B8%8A%E3%81%AE%E5%90%8D%E5%9C%92%E3%81%8C%E6%98%A5%E3%81%A0%E3%81%91%E3%81%AE%E7%89%B9%E5%88%A5%E5%85%AC%E9%96%8B%E6%B1%A0%E4%B8%8A%E6%9C%AC%E9%96%80%E5%AF%BA%E3%81%AE%E6%9D%BE%E6%BF%A4%E5%9C%92%E3%81%8C%E4%BB%8A%E5%B9%B4%E3%82%823%E6%97%A5%E9%96%93%E9%99%90%E5%AE%9A%E3%81%A7%E5%85%AC%E9%96%8B%E3%81%95%E3%82%8C%E3%81%BE%E3%81%99%E6%99%AE%E6%AE%B5%E3%81%AF%E5%85%A5%E3%82%8C%E3%81%AA%E3%81%84%E5%BA%AD%E5%9C%92%E3%81%A7%E6%B1%A0%E6%B3%89%E5%9B%9E%E9%81%8A%E5%BC%8F%E3%81%AE%E7%BE%8E%E3%81%97%E3%81%84%E6%99%AF%E8%89%B2%E3%82%92%E6%A5%BD%E3%81%97%E3%82%80%E3%83%81%E3%83%A3%E3%83%B3%E3%82%B9%EF%B8%8E%EF%B8%8E%E3%82%86%E3%81%A3%E3%81%9F%E3%82%8A%E6%AD%A9%E3%81%8F%E3%81%A0%E3%81%91/1525872468324326/,東京・池上の名園が春だけの特別公開 ／ 池上本門寺の「松濤 ... Facebook https://www.facebook.com>otakanko>posts>東京池上...,bing;brave;duckduckgo;yahoo-japan,bing;brave;duckduckgo;yahoo-japan,true
https://note.com/shojimatakahiro/n/n026465b8bb28,5月連休恒例の池上本門寺朗峰会館の松濤園一般公開は ... - note note https://note.com>旅行・お出かけ>ローカルイベント情報,bing;brave;duckduckgo;yahoo-japan,bing;brave;duckduckgo;yahoo-japan,true
https://www.o-2.jp/event/shotoen2024/,池上本門寺松濤園 一般公開 - 東京 - 大田観光協会 一般社団法人 大田観光協会 https://www.o-2.jp>イベント>その他,brave;duckduckgo;yahoo-japan,brave;duckduckgo;yahoo-japan,true
https://otakushoren.com/event/11859,大田区商店街連合会,bing;brave;yahoo-japan,bing;brave;yahoo-japan,true
https://shimokamagari.jp/facility/shoutouen.html,公益財団法人 蘭島文化振興財団,yahoo-japan,yahoo-japan,true
https://honmonji.jp/enjoy/shotoen.html,松涛園 - 池上本門寺 池上本門寺 https://honmonji.jp>enjoy>shotoen,bing;brave;duckduckgo;yahoo-japan;yandex,bing;brave;duckduckgo;yahoo-japan;yandex,true
https://otakushoren.com/event/127132,5/6(火)に勝と西郷会見の場とも伝えられる松濤園一般公開 otakushoren.com https://otakushoren.com>event,bing;brave;duckduckgo;yahoo-japan,bing;brave;duckduckgo;yahoo-japan,true
https://www.asoview.com/spot/13111ba2212055329/,東京都旧跡 池上本門寺 松濤園一般公開 - アソビュー！ アソビュー！ https://www.asoview.com>spot,duckduckgo;yahoo-japan;yandex,duckduckgo;yahoo-japan;yandex,true
https://www.ota-happy-life.com/ikegami-shotoen-guide/,2026年池上本門寺「松濤園」一般公開の最新状況｜電話で ...,bing;brave;duckduckgo;yahoo-japan,bing;brave;duckduckgo;yahoo-japan,true
https://ee.400ansaqueducmedicis.org/%E6%B1%A0%E4%B8%8A%E6%9C%AC%E9%96%80%E5%AF%BA-%E6%9D%BE%E6%BF%A4%E5%9C%92%E4%B8%80%E8%88%AC%E5%85%AC%E9%96%8B-%E6%B1%A0%E4%B8%8A%E6%9C%AC%E9%96%80%E5%AF%BA%E3%82%A6%E3%82%A7%E3%83%95%E3%82%B5/,池上本門寺 松濤園一般公開 | 池上本門寺ウェブサイト＞池上 ...,bing;duckduckgo,bing;duckduckgo,true
https://honmonji.jp/news/img/schedule/shotoen_koukai.pdf,池上本門寺奥庭 松濤園 一般公開 - Ikegami Honmon-ji,bing;duckduckgo,bing;duckduckgo,true
https://www.facebook.com/ikegami.me/posts/%E6%B1%A0%E4%B8%8A%E6%9C%AC%E9%96%80%E5%AF%BA%E3%81%AE%E6%9D%BE%E6%BF%A4%E5%9C%92%E4%B8%80%E8%88%AC%E5%85%AC%E9%96%8B%E3%81%AE%E3%81%94%E6%A1%88%E5%86%85%E3%81%A7%E3%81%99/1113316824163636/,池上本門寺の松濤園一般公開のご案内です！ - 池商連【池上の ...,bing;duckduckgo;yahoo-japan,bing;duckduckgo;yahoo-japan,true
https://www.qnew-news.net/news/word/tour/tokyo-ikegami.html,松涛園一般公開 - Qnewニュース事典,bing;duckduckgo,bing;duckduckgo,true
https://omatsuri.blackstone.jp/festival/%E6%9D%B1%E4%BA%AC%E9%83%BD/%E5%A4%A7%E7%94%B0%E5%8C%BA/1780/,池上本門寺奥庭・松濤園 一般公開 | お祭り日和,bing;duckduckgo;yahoo-japan,bing;duckduckgo;yahoo-japan,true
https://www.shiseiweb.co.jp/ootaku/%E6%9D%BE%E6%BF%A4%E5%9C%92,池上本門寺奥庭「松濤園」一般公開 | 大田区千景,bing;duckduckgo,bing;duckduckgo,true
https://gyozai.com/syotouen/,大田区 池上|初夏の〔松濤園〕。池上本門寺の奥庭が一般 ...,brave;duckduckgo;yahoo-japan,brave;duckduckgo;yahoo-japan,true
https://www.o-2.jp/event/shotoengw/,O-2 o-2.jp › ホーム › イベント › 池上本門寺 松濤園一般公開 池上本門寺 松濤園一般公開 | 【東京・大田観光協会公式サイト】東京の玄関・大田の旅,brave;duckduckgo;yahoo-japan,brave;duckduckgo;yahoo-japan,true
https://www.visiting-japan.com/ja/articles/tokyo/j13oh-ikegami-honmonji-shotoen.htm,Visiting-japan visiting-japan.com › top 池上本門寺 松濤園 - 東京都大田区 - 小堀遠州による作庭,bing;brave;duckduckgo;yahoo-japan,bing;brave;duckduckgo;yahoo-japan,true
https://www.o-2.jp/event/shotoen2025/,O-2 o-2.jp › ホーム › イベント › スポット › 池上本門寺『松濤園』一般公開 池上本門寺『松濤園』一般公開 | 【東京・大田観光協会公式サイト】東京の玄関・大田の旅,brave;duckduckgo;yahoo-japan;yandex,brave;duckduckgo;yahoo-japan;yandex,true
https://www.visiting-japan.com/ja/articles/tokyo/j13oh-ikegami-honmonji.htm,Visiting-japan visiting-japan.com › top 池上本門寺 - 東京都大田区 - 日蓮宗七大本山の一つ,bing;brave;duckduckgo;yandex,bing;brave;duckduckgo;yandex,true
https://honmonji.jp/,Honmonji honmonji.jp 池上本門寺ウェブサイト,bing;brave;duckduckgo;yahoo-japan,bing;brave;duckduckgo;yahoo-japan,true
https://unique-ota.city.ota.tokyo.jp/charm/culture/honmon-ji/,City unique-ota.city.ota.tokyo.jp › charm › culture › honmon-ji 池上本門寺（日蓮宗大本山） | Unique Ota,bing;brave;duckduckgo;yandex,bing;brave;duckduckgo;yandex,true
https://rengetsu.net/20180908/,Rengetsu rengetsu.net › 20180908 松濤園の一般公開に行ってきました – 大田区池上の古民家カフェ 蓮月,brave;duckduckgo;yahoo-japan,brave;duckduckgo;yahoo-japan,true
https://tokyobay.keizai.biz/headline/138/,Keizai tokyobay.keizai.biz › headline › 138 池上本門寺、奥庭「松濤園」を一般公開－4000坪の大名庭園の原型 - 東京ベイ経済新聞,bing;brave;duckduckgo;yahoo-japan;yandex,bing;brave;duckduckgo;yahoo-japan;yandex,true
https://amatavi.life/archives/5423,amAtavi amatavi.life › home › 関東 › 東京 › 池上本門寺でライブ！？お会式・松濤園も楽しめる贅沢な場所 池上本門寺は伝統あるお会式・松濤園・ライブ 多彩な魅力ある場所 - amAtavi,bing;brave;duckduckgo,bing;brave;duckduckgo,true
https://ameblo.jp/kirara753/entry-12403189085.html,Ameba ameblo.jp › kirara753 › entry-12403189085.html setugetuka：松濤園 in 池上本門寺（楽しい名園・公園散歩）,bing;brave,bing;brave,true
https://ja.japantravel.com/%E6%9D%B1%E4%BA%AC/%E6%B1%A0%E4%B8%8A%E6%9C%AC%E9%96%80%E5%AF%BA%E3%81%AE%E5%B0%8F%E5%A0%80%E9%81%A0%E5%B7%9E%E4%BD%9C-%E6%9D%BE%E6%BF%A4%E5%9C%92-%E3%81%8C%E7%89%B9%E5%88%A5%E5%85%AC%E9%96%8B/14472,JapanTravel ja.japantravel.com › 文化 › 池上本門寺の小堀遠州作「松濤園」が特別公開 池上本門寺 小堀遠州 松濤園 - Japan Travel - ユーザーがつくる生きた日本旅行情報の宝庫,brave,brave,true
https://ootaku2shin.com/archives/20121638.html,Ootaku2shin ootaku2shin.com › archives › 20121638.html 期間限定一般公開！西郷隆盛と勝海舟が会見した庭園『池上本門寺』の『松濤園』が期間限定で公開に！5月4日〜7日。 : おおたく通信 - 東京都大田区の地域情報サイト,bing;brave;duckduckgo;yahoo-japan,bing;brave;duckduckgo;yahoo-japan,true
https://www.city.ota.tokyo.jp/kuseijoho/press/release30/20180507.html,Tokyo City city.ota.tokyo.jp › kuseijoho › press › release30 › 20180507.html 大田区ホームページ：年に一度のチャンス！！西郷隆盛と勝海舟の江戸城無血開城の会見の地 池上本門寺「松濤園」期間限定の一般公開！,brave,brave,true
https://www.shiseiweb.co.jp/ootaku/%E6%9D%BE%E6%BF%A4%E5%9C%92/,池上本門寺奥庭「松濤園」一般公開 | 大田区千景,yandex,yandex,true
https://ja.japantravel.com/tokyo/%E6%B1%A0%E4%B8%8A%E6%9C%AC%E9%96%80%E5%AF%BA%E3%81%AE%E5%B0%8F%E5%A0%80%E9%81%A0%E5%B7%9E%E4%BD%9C-%E6%9D%BE%E6%BF%A4%E5%9C%92-%E3%81%8C%E7%89%B9%E5%88%A5%E5%85%AC%E9%96%8B/14472,池上本門寺の小堀遠州作「松濤園」が特別公開 - Tokyo...,bing;duckduckgo;yahoo-japan;yandex,bing;duckduckgo;yahoo-japan;yandex,true
https://www.youtube.com/watch?v=JJmY_htuH4I,池上本門寺と年に1度だけ公開の松濤園＋力道山の墓 - YouTube,bing;yandex,bing;yandex,true
https://www.tripadvisor.jp/Attraction_Review-g1066454-d12882185-Reviews-Hommonji_Park-Ota_Tokyo_Tokyo_Prefecture_Kanto.html,2026年 本門寺公園 - 出発前に知っておくべきことすべて,bing;duckduckgo;yandex,bing;duckduckgo;yandex,true
https://ja.wikipedia.org/wiki/%E6%9D%BE%E6%B6%9B%E5%9C%92,松涛園 - Wikipedia,bing;yandex,bing;yandex,true
https://www.nippon.com/ja/guide-to-japan/gu900220/,nippon.com/ja/guide-to-japan/gu900220,bing;brave;duckduckgo;yandex,bing;brave;duckduckgo;yandex,true
https://guide.e-ohaka.com/info/honmonji/,guide.e-ohaka.com/info/honmonji,brave;yandex,brave;yandex,true
https://www.o-2.jp/ota/pdf/OTAnoKANKO/26.pdf,お秋催し 一般社団法人 大田観光協会 https://www.o-2.jp › ota › pdf › OTAnoKANKO,google,google,true
https://4travel.jp/travelogue/10708549,池上本門寺へ 庭園 一般公開へ フォートラベル https://4travel.jp › ... › 関東地方 › 東京 › 馬込・池上,google,google,true
https://www.asoview.com/leisure/act0236/location/prf130000/?page=5,東京都のお祭り おすすめランキング｜アソビュー！（5ページ目） アソビュー！ https://www.asoview.com › ... › 東京都 お祭り,google,google,true
https://www.city.ota.tokyo.jp/seikatsu/sumaimachinami/machizukuri/rekishi_machi/rekimachi_pc2025results.files/rekimachi_pc2025.pdf,区民意見公募手続（パブリックコメント）意見及び回答整理表 大田区ホームページ：トップページ https://www.city.ota.tokyo.jp › rekimachi_pc2025,google,google,true
https://www.kawado.com/shun/?p=18303,2016.09.10 【池上本門寺松濤園】 拝観 kawado.com https://www.kawado.com › ホーム › 仏教に出会う,bing;duckduckgo;google,bing;duckduckgo;google,true
https://www.koshikakeol.com/entry/2022-04-ikegami,池上本門寺でお花見 - 平日腰掛けOLのメモ帳 koshikakeol.com https://www.koshikakeol.com › entry › 2022-04-ikegami,google,google,true
https://nature-spot-visitor-club.blog.jp/archives/22950732.html,池上本門寺／東京都大田区／2018年3月 blog.jp https://nature-spot-visitor-club.blog.jp › archives,google,google,true
https://www.o-2.jp/ota/pdf/sanpo/2.pdf,池 上 の 人 一般社団法人 大田観光協会 https://www.o-2.jp › ota › pdf › sanpo › 2.pdf,google,google,true
https://www.youtube.com/watch?v=ddsvPtRaxXg,デイリーニュースダイジェスト20190511 YouTube · 大田区公式チャンネル City Ota Channel 視聴回数: 420 回以上 · 7 年前,google,google,true
https://x.com/otakanko2/status/1912803419628478812,"【公式】大田観光協会 on X: ""＼東京・池上の名園が春だけの ... X https://x.com>@otakanko2",bing;duckduckgo;yahoo-japan,bing;duckduckgo;yahoo-japan,true
https://garden-guide.jp/spot.php?i=shotoen,池上本門寺「松涛園」 分かりやすい亀島と舟石がハイライト 庭園ガイド https://garden-guide.jp>...>関東>東京都>世田谷・池上,bing;duckduckgo;yahoo-japan,bing;duckduckgo;yahoo-japan,true
http://copperdentalcl4181.blog.fc2.com/blog-entry-339.html,池上本門寺 松濤園 一般公開 - 万遊歩撮 - FC2 copperdentalcl4181.blog.fc2.com http://copperdentalcl4181.blog.fc2.com>blog-entry-339,yahoo-japan,yahoo-japan,true
https://note.com/ryuzoujibunko/n/naa05333f15c3,一般公開は年間数日！奇麗さびの庭園と伝わる松壽園【小堀 ... note https://note.com>旅行・お出かけ>国内旅行,bing;duckduckgo;yahoo-japan,bing;duckduckgo;yahoo-japan,true
https://honmonji.jp/enjoy/rouho.html,朗峰会館 - 池上本門寺 池上本門寺 https://honmonji.jp>enjoy>rouho,brave;duckduckgo;yahoo-japan,brave;duckduckgo;yahoo-japan,true
https://www.koshikakeol.com/entry/2023-05-shotoen,年に一度の一般公開！池上本門寺の奥庭「松濤園」へ。 koshikakeol.com https://www.koshikakeol.com>entry>2023-05-shotoen,bing;duckduckgo;yahoo-japan,bing;duckduckgo;yahoo-japan,true
https://www.instagram.com/p/DX7_BghgeX5/,池上本門寺 #朗峰会館 の庭園「#松濤園」の一般公開が Instagram https://www.instagram.com>DX7_BghgeX5,bing;brave;duckduckgo;yahoo-japan,bing;brave;duckduckgo;yahoo-japan,true
https://honmonji.jp/enjoy/index.html,index 朗峰会館 松涛園 食事・お土産 その他 - 池上本門寺 池上本門寺 https://honmonji.jp>enjoy,duckduckgo;yahoo-japan,duckduckgo;yahoo-japan,true
https://ovanrei.hatenablog.com/entry/2025/05/05/000000,2025/05/05 松濤園 - ovanの社会科見学 ovanの社会科見学 https://ovanrei.hatenablog.com>entry>2025/05/05,yahoo-japan,yahoo-japan,true
https://honmonji.jp/outline/gyoji.html,池上本門寺ウェブサイト＞年間行事 池上本門寺 https://honmonji.jp>outline>gyoji,yahoo-japan,yahoo-japan,true
https://www.city.ota.tokyo.jp/shisetsu/park/ikegamibaien.html,大田区ホームページ：池上梅園 大田区 https://www.city.ota.tokyo.jp>park>ikegamibaien,bing;brave;duckduckgo;yahoo-japan,bing;duckduckgo;yahoo-japan,true
https://www.ikegamiblog.com/entry/2017/09/13/213406,松濤園の一般公開に行ってきました！ - Dogwoodの池上日記 ikegamiblog.com https://www.ikegamiblog.com>池上周辺,duckduckgo;yahoo-japan,duckduckgo;yahoo-japan,true
https://www.tv-tokyo.co.jp/adomachi/backnumber/20251206/146538.html,池上｜2025年12月 6日｜出没！アド街ック天国：テレビ東京 tv-tokyo.co.jp https://www.tv-tokyo.co.jp>adomachi>backnumber,yahoo-japan,yahoo-japan,true
https://honmonji.jp/enjoy/etc.html,池上本門寺ウェブサイト＞池上本門寺を味わう＞その他 池上本門寺 https://honmonji.jp>enjoy>etc,bing;duckduckgo;yahoo-japan,bing;duckduckgo;yahoo-japan,true
https://ameblo.jp/rootisalaska/entry-12901259441.html,年に一度の松濤園＠池上本門寺 | アラ女のさざ波日記 アメーバブログ https://ameblo.jp>rootisalaska>entry-12901259441,yahoo-japan,yahoo-japan,true
http://otsnews.jp/stories/249,池上本門寺、東京都旧跡・松濤園を一般公開 - OTSnews otsnews.jp http://otsnews.jp>stories,bing;duckduckgo;yahoo-japan,bing;duckduckgo;yahoo-japan,true
http://www.zakkazakka.net/tokyo/entry359.html,池上本門寺を散歩｜西郷隆盛と勝海舟が会談した松濤園を散歩 つむ散歩 http://www.zakkazakka.net>tokyo>entry359,yahoo-japan,yahoo-japan,true
https://x.com/city_ota/status/1037498294249783296,"大田区【公式】 on X: ""池上本門寺の松涛園が本日から9日（10 ... X https://x.com>@city_ota",yahoo-japan,yahoo-japan,true
https://mirai-report.com/blog-entry-1125.html,池上梅園＆池上本門寺（昨年の取材です） - 未来へのレポート 未来へのレポート https://mirai-report.com>blog-entry-1125,yahoo-japan,yahoo-japan,true
http://blog.livedoor.jp/yy24dm-002/archives/52158475.html,池上本門寺『松濤園』一般公開 : ディスカスの逍遥日誌 blog.livedoor.jp http://blog.livedoor.jp>archives,yahoo-japan,yahoo-japan,true
https://ootaku2shin.com/archives/25460456.html,今年も4日間の限定公開！『池上本門寺奥庭 松濤園』が期間 ... おおたく通信 https://ootaku2shin.com>archives,duckduckgo;yahoo-japan,duckduckgo;yahoo-japan,true
https://honmonji.jp/news/schedule.html,今後の予定 - 池上本門寺 池上本門寺 https://honmonji.jp>news>schedule,bing;brave;duckduckgo;yahoo-japan,bing;brave;duckduckgo;yahoo-japan,true
https://4travel.jp/travelogue/10708761,池上本門寺 庭園 松濤園 一般公開 拝見 - フォートラベル フォートラベル https://4travel.jp>...>関東地方>東京>馬込・池上,bing;duckduckgo;yahoo-japan,bing;duckduckgo;yahoo-japan,true
https://weathernews.jp/sakura/spot/44040/,池上本門寺の花見・桜名所【2026】 - ウェザーニュース ウェザーニュース https://weathernews.jp>花見・桜名所>関東>東京,brave;yahoo-japan,brave;yahoo-japan,true
https://foundjapan.jp/2202-ikegamohonmonji-temple/,池上本門寺 日蓮宗の大本山、西郷隆盛と勝海舟が会見 歴史の ... Found Japan https://foundjapan.jp>2202-ikegamohonmonji-temple,duckduckgo;yahoo-japan;yandex,duckduckgo;yahoo-japan;yandex,true
https://lunaticrosier.blog.fc2.com/blog-entry-808.html,西郷隆盛・勝海舟会見の碑～池上本門寺・松濤園（2010年 ... lunaticrosier.blog.fc2.com https://lunaticrosier.blog.fc2.com>blog-entry-808,yahoo-japan,yahoo-japan,true
https://otakushoren.com/event/120742,5(水)池上本門寺「みたま祭り・納涼盆踊り大会」 otakushoren.com https://otakushoren.com>event,brave;yahoo-japan,yahoo-japan,true
https://honmonji.jp/news/reihoden.html,池上本門寺ウェブサイト＞池上本門寺のお知らせ＞霊宝殿の展示 池上本門寺 https://honmonji.jp>news>reihoden,yahoo-japan,yahoo-japan,true
https://www.culture.nagano.jp/wp/wp-content/uploads/2026/09/naganokengasyousai-2026.pdf,naganokengasyousai-2026.pdf culture.nagano.jp https://www.culture.nagano.jp>naganokengasyousai-2026,yahoo-japan,yahoo-japan,true
https://www.instagram.com/p/C5fOWkzPuku/,池上本門寺奥庭「松濤園」一般公開のお知らせ ... - Instagram Instagram https://www.instagram.com>...,bing;duckduckgo;yahoo-japan,bing;duckduckgo;yahoo-japan,true
https://www.kozoukun.jp/scr/2026.html,2026年 - こぞうくんオフィシャルサイト こぞうくん https://www.kozoukun.jp>scr,yahoo-japan,yahoo-japan,true
https://www.qnew-news.net/news/2019-9/2019090501.html,松濤園、一般公開始まる、8日まで（2019年9月） Qnewニュース https://www.qnew-news.net>news,yahoo-japan,yahoo-japan,true
https://oniwa.garden/ikegami-baien-tokyo/,池上梅園（旧月白山荘庭園） ― 伊東深水ゆかり…東京都大田 ... 庭園情報メディア【おにわさん】 https://oniwa.garden>...>大田区・品川区の庭園,yahoo-japan,yahoo-japan,true
https://trip.iko-yo.net/events/3839,池上本門寺「節分追儺式」2026年の開催情報＆見どころ いこーよとりっぷ https://trip.iko-yo.net>events,yahoo-japan,yahoo-japan,true
https://tama120.metro.tokyo.lg.jp/english/event/?y=2019&mm=3&d=7_9_12_15_16_19_23_27_31&g=%E8%87%AA%E7%84%B6%E3%83%BB%E8%8A%B1_season,https://tama120.metro.tokyo.lg.jp/english/event/?y... 多摩の魅力発信プロジェクト https://tama120.metro.tokyo.lg.jp>english>event,yahoo-japan,yahoo-japan,true
https://katsuq.com/blog-entry-154.html,勝海舟は西郷隆盛と会見するために池上本門寺に赴いたのか？ - 「東京散歩」と「踏ん張り投資」 https://katsuq.com>blog-entry-154,yahoo-japan,yahoo-japan,true
https://dot.asahi.com/articles/-/100181?page=2,池上線と池上本門寺の深い関係 全国から30万人以上が集まる ... AERA DIGITAL https://dot.asahi.com>articles,yahoo-japan,yahoo-japan,true
https://www.ikegamiblog.com/entry/2019/05/06/125701,朗峰会館奥の松濤園は5月8日まで一般公開中！！ ikegamiblog.com https://www.ikegamiblog.com>池上本門寺,yahoo-japan,yahoo-japan,true
https://bskawasemi.exblog.jp/18972931,池上本門寺松濤園 - 美しきものに魅せられて エキサイトブログ https://bskawasemi.exblog.jp>...,yahoo-japan,yahoo-japan,true
https://honmonji.jp/rouho/753_02.html,朗峰会館七五三オリジナルプラン - 池上本門寺 池上本門寺 https://honmonji.jp>rouho,yahoo-japan,yahoo-japan,true
https://x.com/rouho_info/status/2043533186941198836,"池上本門寺 朗峰会館【公式】 on X: ""【一般公開中止の ... X https://x.com>@rouho_info",bing;duckduckgo;yahoo-japan,bing;duckduckgo;yahoo-japan,true
https://secure.omtri.or.jp/event/3085.html,https://secure.omtri.or.jp/event/3085.html secure.omtri.or.jp https://secure.omtri.or.jp>event,yahoo-japan,yahoo-japan,true
https://www.zojoji.or.jp/,大本山 増上寺 大本山 増上寺 https://www.zojoji.or.jp,yahoo-japan,yahoo-japan,true
https://tabunka.tokyo-tsunagari.or.jp/lang/cy/event/2026/07/24_18.html,https://tabunka.tokyo-tsunagari.or.jp/lang/cy/even... 東京都多文化共生ポータル https://tabunka.tokyo-tsunagari.or.jp>event>2026/07,yahoo-japan,yahoo-japan,true
https://www.qnew-news.net/news/2016-9/2016090805.html,池上本門寺・松濤園の一般公開、始まる（2016年9月） Qnewニュース https://www.qnew-news.net>news,yahoo-japan,yahoo-japan,true
https://www.o-2.jp/event/harumatsuri2026/,池上本門寺 春まつり - 東京 - 大田観光協会 一般社団法人 大田観光協会 https://www.o-2.jp>イベント>スポット,brave;yahoo-japan,brave;yahoo-japan,true
https://4travel.jp/dm_shisetsu_tips/14369720,朗峰会館奥にある松涛園で、慶応四年（1868年）4月に ... フォートラベル https://4travel.jp>...>池上本門寺 朗峰会館,yahoo-japan,yahoo-japan,true
https://ameblo.jp/leicayu-217/entry-12803206368.html,池上本門寺「松濤園」公開 | 還暦からの趣味三昧 アメーバブログ https://ameblo.jp>leicayu-217>entry-12803206368,yahoo-japan,yahoo-japan,true
https://otakushoren.com/trip/107699,【池上】「池上梅園」と周辺散策。花も終盤。ライトアップは ... otakushoren.com https://otakushoren.com>trip,yahoo-japan,yahoo-japan,true
https://www.qnew-news.net/news/2018-5/2018050405.html,松濤園の一般公開、始まる（2018年5月） - Qnewニュース Qnewニュース https://www.qnew-news.net>news,yahoo-japan,yahoo-japan,true
https://www.o-2.jp/zh-TW/event/shotoen2024/,池上本門寺松濤園對外開放- 東京 一般社団法人 大田観光協会 https://www.o-2.jp>活動>其他,yahoo-japan,yahoo-japan,true
https://x.com/rouho_info/status/1907614874127184228,池上本門寺 朗峰会館【公式】 on X - @rouho_info X https://x.com>@rouho_info,yahoo-japan,yahoo-japan,true
https://otakushoren.com/event/160278,【池上】第13回「池上日和」は2026/9/20(日)に池上本門寺で ... otakushoren.com https://otakushoren.com>event,yahoo-japan,yahoo-japan,true
https://www.qnew-news.net/news/2017-9/2017090706.html,松濤園の一般公開、始まる（2017年9月） - Qnewニュース Qnewニュース https://www.qnew-news.net>news,yahoo-japan,yahoo-japan,true
https://x.com/mr_nyancyu/status/1919316871263727733?lang=bn,"X-এ Mr.にゃんちゅう: ""#池上本門寺 の奥庭「#松濤園」が 年に ... X https://x.com>@mr_nyancyu",yahoo-japan,yahoo-japan,true
https://www.o-2.jp/event/tokugawanofujintachi2024/,桜花爛漫 池上本門寺に眠る 徳川の夫人達 - 東京 - 大田観光協会 一般社団法人 大田観光協会 https://www.o-2.jp>イベント>ガイドツアー,yahoo-japan,yahoo-japan,true
https://qnew-news.net/news/word/tour/tokyo-ikegami.html,松涛園一般公開 - Qnewニュース事典 Qnewニュース https://qnew-news.net>word>tour>tokyo-ikegami,yahoo-japan,yahoo-japan,true
https://otakushoren.com/event/128839,9/6(日)「Slow Live'26 in 池上本門寺」開催！！ otakushoren.com https://otakushoren.com>event,yahoo-japan,yahoo-japan,true
https://www.o-2.jp/event/ikegamibaienlightup2026/,池上梅園ライトアップ2026 - 東京 - 大田観光協会 一般社団法人 大田観光協会 https://www.o-2.jp>イベント>スポット,yahoo-japan,yahoo-japan,true
https://www.o-2.jp/zh-TW/event/shotoen2025/,池上本門寺「松濤園」對外開放| [東京都大田區觀光協會官方 ... 一般社団法人 大田観光協会 https://www.o-2.jp>活動>點,yahoo-japan,yahoo-japan,true
https://www.o-2.jp/contents/%E6%B1%A0%E4%B8%8A%E6%9C%AC%E9%96%80%E5%AF%BA/,池上本門寺 | 【東京・大田観光協会公式サイト】東京の玄関 ... 一般社団法人 大田観光協会 https://www.o-2.jp>コンテンツ>スポット,brave;yahoo-japan,brave;yahoo-japan,true
https://www.o-2.jp/event/harumoude2024/,池上本門寺 春詣 - 東京 - 大田観光協会 一般社団法人 大田観光協会 https://www.o-2.jp>イベント>その他,yahoo-japan,yahoo-japan,true
https://www.o-2.jp/zh-TW/event/shotoengw/,池上本門寺松濤園向公眾開放| [東京·大田觀光協會官方網站 ... 一般社団法人 大田観光協会 https://www.o-2.jp>活動,yahoo-japan,yahoo-japan,true
https://www.o-2.jp/zh-CN/event/shotoen2025/,池上本门寺“松涛园”向公众开放| [东京都大田区观光协会官方 ... 一般社団法人 大田観光協会 https://www.o-2.jp>活动>要点,yahoo-japan,yahoo-japan,true
https://www.o-2.jp/zh-CN/event/shotoen2024/,池上本门寺松涛园向公众开放| [东京/大田观光协会官方网站 ... 一般社団法人 大田観光協会 https://www.o-2.jp>活动>其他,yahoo-japan,yahoo-japan,true
https://www.waseda.jp/flas/faculty,教員紹介 – 早稲田大学 文学学術院 早稲田大学 https://www.waseda.jp>flas>faculty,yahoo-japan,yahoo-japan,true
https://news.yahoo.co.jp/search/?rkf=2&p=%E6%97%A9%E7%A8%B2%E7%94%B0%E5%A4%A7%E5%AD%A6+%E6%95%99%E5%93%A1,早稲田大学 教員のニュース Yahoo!ニュース,yahoo-japan,yahoo-japan,true
https://chiebukuro.yahoo.co.jp/search/?rkf=1&p=%E6%97%A9%E7%A8%B2%E7%94%B0%E5%A4%A7%E5%AD%A6+%E6%95%99%E5%93%A1&fr=sc_dr&__ysp=5pep56iy55Sw5aSn5a2mIOaVmeWToQ%3D%3D,"早稲田大学 教員に関するQ&A（2,000件） Yahoo!知恵袋",yahoo-japan,yahoo-japan,true
https://w-rdb.waseda.jp/,研究者データベース - 早稲田大学 早稲田大学研究者データベース https://w-rdb.waseda.jp,yahoo-japan,yahoo-japan,true
https://w-rdb.waseda.jp/search?m=name&l=ja,名前検索 - 研究者データベース - 早稲田大学 早稲田大学研究者データベース https://w-rdb.waseda.jp>search,yahoo-japan,yahoo-japan,true
https://www.waseda.jp/fsci/about/faculty,教員 – 早稲田大学 理工学術院 早稲田大学 https://www.waseda.jp>fsci>about>faculty,yahoo-japan,yahoo-japan,true
https://www.waseda.jp/top/about/disclosure/staff,教職員に関する情報 - 早稲田大学 早稲田大学 https://www.waseda.jp>top>about>disclosure>staff,yahoo-japan,yahoo-japan,true
https://www.waseda.jp/fsss/sss/about/faculty,教員紹介 – 早稲田大学 社会科学部 早稲田大学 https://www.waseda.jp>fsss>sss>about>faculty,yahoo-japan,yahoo-japan,true
https://w-rdb.waseda.jp/search?m=affiliation&l=ja&a2=0000008&s=1&o=shokumei,理工学術院 - 早稲田大学研究者データベース 早稲田大学研究者データベース https://w-rdb.waseda.jp>search,yahoo-japan,yahoo-japan,true
https://w-rdb.waseda.jp/search?m=affiliation&l=ja&a2=0000005&s=1&o=shokumei,文学学術院 - 早稲田大学研究者データベース 早稲田大学研究者データベース https://w-rdb.waseda.jp>search,yahoo-japan,yahoo-japan,true
https://waseda-edu-english.com/undergraduate/academic_staff/,英語英文学科 教員紹介 waseda-edu-english.com https://waseda-edu-english.com>学科紹介,yahoo-japan,yahoo-japan,true
https://ja.wikipedia.org/wiki/Category:%E6%97%A9%E7%A8%B2%E7%94%B0%E5%A4%A7%E5%AD%A6%E3%81%AE%E6%95%99%E5%93%A1,Category:早稲田大学の教員 - Wikipedia Wikipedia https://ja.wikipedia.org>Category:早稲田大学の教員,yahoo-japan,yahoo-japan,true
https://www.arch.waseda.ac.jp/wa/professors,教員紹介 - 早稲田大学建築学科 arch.waseda.ac.jp https://www.arch.waseda.ac.jp>professors,yahoo-japan,,false
https://www.waseda.jp/top/about/work/organizations/academic-affairs-division/faculty-recruitment,教員公募 – 早稲田大学 早稲田大学 https://www.waseda.jp>organizations>faculty-recruitment,yahoo-japan,,false
https://www.waseda.jp/fhum/hum/about/faculty-3,教員紹介 – 早稲田大学 人間科学部 早稲田大学 https://www.waseda.jp>fhum>hum>about>faculty-3,yahoo-japan,,false
https://waseda-buneibun.com/academic-staff/,教員紹介 - 早稲田大学文学学術院英文学コース waseda-buneibun.com https://waseda-buneibun.com>academic-staff,yahoo-japan,,false
https://www.waseda.jp/fedu/gted/about/faculty,教員紹介 – 早稲田大学 大学院教育学研究科高度教職実践専攻 ... 早稲田大学 https://www.waseda.jp>fedu>gted>about>faculty,yahoo-japan,,false
https://www.waseda.jp/fcom/wbs/faculty-jp,教員 – 早稲田大学 大学院経営管理研究科 早稲田大学 https://www.waseda.jp>fcom>wbs>faculty-jp,yahoo-japan,,false
https://www.ase.sci.waseda.ac.jp/update/keyword_tax/information,情報・システム - 先進理工学部 - 早稲田大学 早稲田大学 先進理工学部・研究科 https://www.ase.sci.waseda.ac.jp>update>information,yahoo-japan,,false
https://www.waseda.jp/fcom/soc/about/faculty,教員紹介 – 早稲田大学 商学部 早稲田大学 https://www.waseda.jp>fcom>soc>about>faculty,yahoo-japan,,false
https://kamibaku.com/article/514902513.html,池上本門寺奥庭「松濤園」一般公開: 戦後史の激動,bing;brave;duckduckgo,bing;brave;duckduckgo,true
https://blog.goo.ne.jp/happy-local/e/ca13f40acffda56f2f8d8a6e86bc351c,池上本門寺の奥庭【松濤園】が期間限定公開中。 今週末まで ...,bing;duckduckgo,bing;duckduckgo,true
https://qnew-news.net/news2/2023-5/2023050405.html,松濤園の一般公開、7日まで（2023年5月）,bing;duckduckgo,bing;duckduckgo,true
https://ja.wikipedia.org/wiki/%E6%B1%A0%E4%B8%8A%E6%9C%AC%E9%96%80%E5%AF%BA,池上本門寺 - Wikipedia,bing;brave;duckduckgo,bing;brave;duckduckgo,true
https://www.facebook.com/otakanko/photos/%E6%9D%B1%E4%BA%AC%E6%B1%A0%E4%B8%8A%E3%81%AE%E5%90%8D%E5%9C%92%E3%81%8C%E6%98%A5%E3%81%A0%E3%81%91%E3%81%AE%E7%89%B9%E5%88%A5%E5%85%AC%E9%96%8B%E6%B1%A0%E4%B8%8A%E6%9C%AC%E9%96%80%E5%AF%BA%E3%81%AE%E6%9D%BE%E6%BF%A4%E5%9C%92%E3%81%8C%E4%BB%8A%E5%B9%B4%E3%82%823%E6%97%A5%E9%96%93%E9%99%90%E5%AE%9A%E3%81%A7%E5%85%AC%E9%96%8B%E3%81%95%E3%82%8C%E3%81%BE%E3%81%99%E6%99%AE%E6%AE%B5%E3%81%AF%E5%85%A5%E3%82%8C%E3%81%AA%E3%81%84%E5%BA%AD%E5%9C%92%E3%81%A7%E6%B1%A0%E6%B3%89%E5%9B%9E%E9%81%8A%E5%BC%8F%E3%81%AE%E7%BE%8E%E3%81%97%E3%81%84%E6%99%AF%E8%89%B2%E3%82%92%E6%A5%BD%E3%81%97%E3%82%80%E3%83%81%E3%83%A3%E3%83%B3%E3%82%B9%EF%B8%8E%EF%B8%8E%E3%82%86%E3%81%A3%E3%81%9F%E3%82%8A%E6%AD%A9%E3%81%8F%E3%81%A0%E3%81%91/1525872361657670/,大田観光協会 - \東京・池上の名園が春だけの特別公開 ／ 池上 ...,bing;duckduckgo,bing;duckduckgo,true
https://www.youtube.com/watch?v=jCNkPEH9kNU&ntb=1&msockid=d01cd787bfaa11f19f5e995295900800,松濤園 一般公開 東京都大田区SHOTOEN TOKYO - YouTube,bing,bing,true
https://restaurant.imahan.com/ikegamihonmonji/,店舗概要 - ガーデンレストラン人形町今半 池上本門寺店 ...,bing;brave;duckduckgo,bing;brave;duckduckgo,true
http://www.sam.hi-ho.ne.jp/s_suzuki/html2/shoutouen.html,本門寺松涛園,bing;duckduckgo,bing;duckduckgo,true
https://honmonji.jp/outline/keidai.html,池上本門寺ウェブサイト＞境内案内 - Ikegami Honmon-ji,bing;duckduckgo,bing;duckduckgo,true
https://map.yahoo.co.jp/v3/place/ygrJFPjUU1k,松濤園 - 大田区池上/庭園 | Yahoo!マップ,bing;brave;duckduckgo,bing;brave;duckduckgo,true
https://www.tokyo-np.co.jp/article/304370,【ぷらっとTOKYO】「池上」 見どころ豊富な本門寺：東京新聞 ...,bing;duckduckgo,bing;duckduckgo,true
https://note.com/cute_lotus440/n/n6875e15da8cc,【散策】都会のオアシスがここにも! ～「池上本門寺 松濤園 ...,bing;brave;duckduckgo,bing;brave;duckduckgo,true
https://mandarinhistoricalplace.web.fc2.com/historical_place/shotoen/index.html,松濤園 (6 画像),bing,bing,true
https://honmonji.jp/outline/index.html,池上本門寺ウェブサイト - Ikegami Honmon-ji,bing;duckduckgo,bing;duckduckgo,true
https://www.youtube.com/watch?v=nDFDc-KfdUU,池上本門寺松濤園 - YouTube,bing,bing,true
https://norginfo.com/%E6%B1%A0%E4%B8%8A%E6%9C%AC%E9%96%80%E5%AF%BA%E6%9D%B1%E4%BA%AC%E9%83%BD%E6%97%A7%E8%B7%A1%E3%83%BB%E6%9D%BE%E6%BF%A4%E5%9C%92%E3%82%92%E4%B8%80%E8%88%AC%E5%85%AC%E9%96%8B/,池上本門寺、東京都旧跡・松濤園を一般公開 – YZUOR,bing;duckduckgo,bing;duckduckgo,true
https://www.hana-sougi.com/area/place/ikegamihonmonji/,池上本門寺 (大田区/家族葬対応）葬儀のご相談はこちら,bing;duckduckgo,bing;duckduckgo,true
https://www.instagram.com/p/C6ikvr-P9P5/,池上本門寺 | 池上本門寺 奥庭「松濤園」 一般公開がはじまり ...,bing;duckduckgo,bing;duckduckgo,true
https://massneko.hatenablog.com/entry/2019/06/12/000000,池上本門寺・松濤園一般公開～本門寺公園 東京都大田区池上 ...,bing;brave;duckduckgo,bing;brave;duckduckgo,true
https://osanpo.info/s/CBGFI,松濤園~期間限定 - アクセス (東京都)・写真 (38) - おさんぽぶらぶら,bing;duckduckgo,bing,true
http://blog.kisetsu-o-mederu.com/?eid=1248319,池上本門寺 【松涛園】 茶室 | 季節を愛でる,bing;duckduckgo,bing;duckduckgo,true
https://tbz530.blog.fc2.com/blog-entry-1134.html,『池上本門寺』旧本坊・奥庭の名園【松濤園】 - ... - FC2,bing,bing,true
https://hanatera.jp/temple/tokyo4/,池上本門寺 | 東国花の寺,bing,bing,true
http://otsnews.jp/stories/7698,池上本門寺、9月4日～10日に「松濤園一般公開」と「仏教文化 ...,bing;duckduckgo,bing;duckduckgo,true
https://mosu3.blog.fc2.com/blog-entry-226.html,美珍麗・探訪 | 池上本門寺･松濤園〔東京〕,bing;duckduckgo,bing;duckduckgo,true
https://mako81-children.hatenablog.com/entry/2014/09/08/%E6%B1%A0%E4%B8%8A%E3%81%95%E3%82%93%E3%81%BD%EF%BC%88%E3%81%9D%E3%81%AE%EF%BC%92%EF%BC%89%E6%B1%A0%E4%B8%8A%E6%9C%AC%E9%96%80%E5%AF%BA%E6%9D%BE%E6%BF%A4%E5%9C%92%EF%BC%88%E4%B8%80%E8%88%AC,池上さんぽ（その2）池上本門寺松濤園（一般公開） - 三十路 ...,bing;duckduckgo,bing;duckduckgo,true
https://rashimban1.blog.fc2.com/blog-entry-1133.html,池上本門寺 (大田区)を訪ねて | らしんばん探訪週記 ―学芸員が ...,bing,bing,true
https://shumitime.com/tours/46/,池上本門寺と元禄320年の久寿餅 ― 大田区池上 社寺さんぽ ...,bing,bing,true
https://www.youtube.com/watch?v=U18D3fA30EU&ntb=1&msockid=dfd36178bfaa11f19ab7ba5ba7a3df7e,「紅葉坂」を下る坂道散歩 大田区池上1丁目 池上本門寺 ...,bing,bing,true
https://www.youtube.com/watch?v=AQQ5kh4DuNQ,Ikegami Honmonji Temple Japanese Style Garden -Shotoen ...,bing,bing,true
https://x.com/rouho_info,池上本門寺 朗峰会館【公式】 (@rouho_info) / X,bing;duckduckgo,bing;duckduckgo,true
https://copperdentalcl4181.blog.fc2.com/blog-entry-635.html,池上本門寺 松濤園 一般公開 2019 - 万遊歩撮,bing,bing,true
https://www.o-2.jp/event/oeshiki2025/,池上本門寺 お会式 | 【東京・大田観光協会公式サイト】東京の ...,bing;duckduckgo,bing,true
https://4travel.jp/travelogue/11279812,『池上本門寺松濤園一般公開＆洗足池界隈散策』馬込 …,bing;duckduckgo,bing;duckduckgo,true
https://www.city.ota.tokyo.jp/shisetsu/rekishi/ikegami/ikegamihonmonji.html,池上本門寺 - 大田区ホームページ,bing;brave;duckduckgo,bing;brave;duckduckgo,true
https://www.chiikishigen.metro.tokyo.lg.jp/introduction/details/introduction_84.html,池上本門寺 ｜地域資源紹介記事 ｜ 東京都 地域資源（TOKYO ...,bing;brave;duckduckgo,bing;brave;duckduckgo,true
https://www.youtube.com/watch?v=wOoh0arItYE,池上本門寺☆松濤園一般公開 - YouTube,bing;duckduckgo,bing;duckduckgo,true
https://www.kentykamata-estate.jp/blog/entry-338457/,大田区にある池上本門寺をご紹介！歴史や見どころとは ...,bing;brave;duckduckgo,bing;brave;duckduckgo,true
https://mode.seanlebeauf.org/%E6%B1%A0%E4%B8%8A%E6%9C%AC%E9%96%80%E5%AF%BA5%E6%9C%884%E6%97%A57%E6%97%A5%E3%81%AB%E6%9D%BE%E6%BF%A4%E5%9C%92%E4%B8%80%E8%88%AC%E5%85%AC%E9%96%8B-%E6%B1%A0%E4%B8%8A%E6%9C%AC%E9%96%80%E5%AF%BA/,池上本門寺、5月4日～7日に「松濤園一般公開」 – 池上本門寺 ...,bing;duckduckgo,bing;duckduckgo,true
https://tomita-corporation.jp/%E6%9D%BE%E6%BF%A4%E5%9C%92/,池上本門寺 松濤園 | 有限会社トミタ,bing;yandex,bing;yandex,true
https://www.athome.co.jp/mansion/shinchiku/tokyo/ota/list/,【アットホーム】大田区の新築マンション・分譲マンション ...,bing,bing,true
https://www.facebook.com/otakanko/posts/1095962387151987/,大田観光協会 - 【期間限定OPEN】池上本門寺 松濤園 ...,bing;duckduckgo,bing,true
https://lipstickdupe.com/%E6%B1%A0%E4%B8%8A%E6%9C%AC%E9%96%80%E5%AF%BA-%E6%9D%BE%E6%B6%9B%E5%9C%92-%E6%B1%A0%E4%B8%8A%E6%9C%AC%E9%96%80%E5%AF%BA-%E8%A6%8B%E3%81%A8%E3%81%93%E3%82%8D-%E6%9D%B1%E4%BA%AC-%E4%B8%96%E7%94%B0/,池上本門寺 松涛園 | 池上本門寺 見どころ : 東京 世田谷・池上 ...,bing,bing,true
https://hokekyo-k.seesaa.net/article/457892595.html,【池上本門寺 2018年 松濤園一般公開】2018年(平成30年)の ...,bing;duckduckgo,bing;duckduckgo,true
https://www.ota-bunka.or.jp/files/%E2%98%85AbH28.pdf,www.ota-bunka.or.jp,bing,bing,true
https://peepooblue.cocolog-nifty.com/blog/2009/09/post-cb39.html,池上本門寺・松濤園の池: 行け！ いけ！ 探訪！！ 東京の池,bing,bing,true
https://eforum.jp/aoyama-col6718.html,青山貞一・池田こみち 隠れたサクラの名所、池上本門寺（東京 ...,bing;duckduckgo,bing;duckduckgo,true
https://jisha-toranomaki.com/temple-ikegamihonmonji/,[東京都大田区] 池上本門寺（いけがみほんもんじ） - 神社とお ...,bing;brave;duckduckgo,bing;brave,true
https://www.facebook.com/otakanko/posts/%E3%82%A4%E3%83%99%E3%83%B3%E3%83%88%E6%83%85%E5%A0%B1%E5%A7%8B%E3%81%BE%E3%82%8A%E3%81%BE%E3%81%97%E3%81%9F%E6%B1%A0%E4%B8%8A%E6%9C%AC%E9%96%80%E5%AF%BA%E5%A5%A5%E5%BA%AD-%E6%9D%BE%E6%BF%A4%E5%9C%92%E7%89%B9%E5%88%A5%E5%85%AC%E9%96%8B%E6%9C%AC%E6%97%A59%E6%9C%886%E6%97%A5%E6%9C%A89%E6%9C%889%E6%97%A5%E6%97%A5%E3%81%A9%E3%81%86%E3%81%9E%E3%81%8A%E8%A6%8B%E9%80%83%E3%81%97%E3%81%AA%E3%81%8F%E8%A9%B3%E3%81%97%E3%81%8F%E3%81%AF%E5%A4%A7%E7%94%B0%E5%8C%BA%E8%A6%B3%E5%85%89%E6%83%85%E5%A0%B1%E3%82%BB%E3%83%B3%E3%82%BF%E3%83%BC%E3%81%95%E3%82%93%E3%81%AEfb%E6%83%85%E5%A0%B1%E3%82%92%E3%81%94%E8%A6%A7%E3%81%8F%E3%81%A0%E3%81%95%E3%81%84%E3%81%AD/1905361132878771/,大田観光協会 - 【イベント情報】始まりました！ 池上本門寺 ...,bing,bing,true
https://www.facebook.com/otakanko/posts/%E3%81%84%E3%82%88%E3%81%84%E3%82%88%E6%9C%AC%E6%97%A5%E3%82%88%E3%82%8A%E6%B1%A0%E4%B8%8A%E6%9C%AC%E9%96%80%E5%AF%BA-%E6%9D%BE%E6%BF%A4%E5%9C%92%E3%81%AE%E4%B8%80%E8%88%AC%E5%85%AC%E9%96%8B%E3%81%8C%E5%A7%8B%E3%81%BE%E3%82%8A%E3%81%BE%E3%81%97%E3%81%9F%E8%A9%B3%E7%B4%B0%E3%81%AF%E4%BB%A5%E4%B8%8B%E3%82%92%E3%81%94%E5%8F%82%E7%85%A7%E4%B8%8B%E3%81%95%E3%81%84%E3%81%BE%E3%81%9B%E3%81%AA%E3%81%8A%E5%85%88%E6%97%A5%E3%81%AEfb%E3%81%AE%E6%8A%95%E7%A8%BF%E3%81%AB%E3%81%8A%E3%81%84%E3%81%A6%E9%96%8B%E5%82%AC%E6%9C%9F%E9%96%93%E3%82%929%E6%9C%8810%E6%97%A5%E6%97%A5%E3%81%AE4%E6%97%A5%E9%96%93%E3%81%A8%E6%8E%B2%E8%BC%89%E3%82%92%E3%81%84%E3%81%9F%E3%81%97%E3%81%BE/1479569828791239/,大田観光協会 - いよいよ本日より、池上本門寺 松濤園の一般 ...,bing;duckduckgo,bing;duckduckgo,true
https://www.sparkle.travel/ja/places/ikegami-honmonji,池上本門寺 - Sparkle Travel,bing,bing,true
https://traveljapan47.net/archives/23432/,池上梅園 2026｜見頃・開花状況・ライトアップ・駐車場・大田区 ...,bing,bing,true
https://plaza.rakuten.co.jp/ricky913/diary/202505060000/,松濤園一般公開 | リッキー＆ノエルの部屋 - 楽天ブログ,bing;duckduckgo,bing,true
https://www.ota-happy-life.com/tag/%E6%9D%BE%E6%BF%A4%E5%9C%92/,松濤園タグの記事一覧｜大田区ハッピーライフ,bing;duckduckgo,bing;duckduckgo,true
https://tasyumin-jp.tasyumin.com/2023/06/15/ikegamihonmonji/,あの有名人たちも眠る地「池上本門寺」に行ってみた！ |,bing;duckduckgo,bing;duckduckgo,true
http://www.sam.hi-ho.ne.jp/s_suzuki/shoutouen.html,本門寺松涛園,bing;duckduckgo,bing;duckduckgo,true
https://www.uraken.net/rail/travel-urabe135.html,池上本門寺～東京都大田区～,bing,bing,true
https://ja.wikipedia.org/wiki/%E6%9C%AC%E9%96%80%E5%AF%BA%E5%85%AC%E5%9C%92,本門寺公園 - Wikipedia,bing;duckduckgo,bing;duckduckgo,true
https://www.facebook.com/otakanko/posts/%E5%B9%95%E6%9C%AB%E3%82%B9%E3%83%9D%E3%83%83%E3%83%88%E6%83%85%E5%A0%B1%E6%B1%A0%E4%B8%8A%E6%9C%AC%E9%96%80%E5%AF%BA%E6%9D%BE%E6%BF%A4%E5%9C%92-%E4%B8%80%E8%88%AC%E5%85%AC%E9%96%8B%E3%81%84%E3%82%88%E3%81%84%E3%82%889%E6%9C%887%E6%97%A5%E6%9C%A8%E3%81%8B%E3%82%895%E6%97%A5%E9%96%93%E3%81%AE%E9%99%90%E5%AE%9A%E3%81%A7%E8%A5%BF%E9%83%B7%E9%9A%86%E7%9B%9B%E3%81%A8%E5%8B%9D%E6%B5%B7%E8%88%9F%E3%81%8C%E6%B1%9F%E6%88%B8%E5%9F%8E%E7%84%A1%E8%A1%80%E9%96%8B%E5%9F%8E%E3%81%AE%E5%AF%86%E8%AB%87%E3%82%92%E3%81%97%E3%81%9F%E3%81%A8%E3%81%84%E3%82%8F%E3%82%8C%E3%81%AE%E3%81%82%E3%82%8B%E6%9C%AC%E9%96%80%E5%AF%BA%E3%81%AE%E8%A3%8F%E5%BA%AD%E3%81%AB%E3%81%82%E3%82%8B%E5%BA%AD%E5%9C%92%E6%9D%BE/1478883808859841/,大田観光協会 - 【幕末スポット情報】池上本門寺松濤園 一般 ...,bing;duckduckgo,bing,true
https://ameblo.jp/mr-nyancyu3/entry-12901290467.html,池上本門寺松濤園 | こうき心 - アメーバブログ（アメブロ）,bing;duckduckgo,bing;duckduckgo,true
https://4travel.jp/travelogue/10841258,東京の庭園、小堀遠州作庭の池上本門寺松涛園 (馬込・ …,bing,,false
https://go2senkyo.com/seijika/174577/posts/1370910,5月4日（月・みどりの日）、毎年5月連休恒例、#池上 …,bing;duckduckgo,,false
https://x.com/tougekisiryu/status/2054169973724250173,『☸️#池上本門寺』旧本坊・奥庭の名園【 #松濤園】 https://t ...,bing,,false
https://cmeg.jp/w/events/6059,池上本門寺庭園・松濤園の無料観覧 | ニッポン城めぐり,bing,,false
https://www.instagram.com/reel/BnfH0aGAhQT/,古民家カフェ蓮月 @東京都大田区池上 | 松濤園の一般公開は ...,bing,,false
https://www.gotokyo.org/jp/spot/ev141/index.html,池上本門寺「お会式」／東京の観光公式サイトGO TOKYO,bing;duckduckgo,,false
https://news.livedoor.com/article/detail/8782028/,コンセプトは「ネオ精進スタイル」 池上本門寺にガーデン ...,bing,,false
https://kamibaku.com/article/2014-09-04.html,池上本門寺松濤園、恒例の一般開放日、江戸城無血開城の碑を ...,bing,,false
https://tokyo-trip.org/spot/visiting/tk0136/,池上本門寺 - 東京とりっぷ,bing,,false
http://otsnews.jp/stories/23502,池上本門寺、5月4日~7日に「松濤園一般公開」 - OTSnews ...,duckduckgo,duckduckgo,true
https://honmonji.jp/index.html,池上本門寺ウェブサイト,duckduckgo,duckduckgo,true
https://honmonji.jp/outline/engi.html,池上本門寺ウェブサイト>縁起 - Ikegami Honmon-ji,duckduckgo,duckduckgo,true
https://honmonji.jp/outline/access.html,池上本門寺ウェブサイト>アクセス - Ikegami Honmon-ji,brave;duckduckgo,brave;duckduckgo,true
https://plaza.rakuten.co.jp/mistykei/diary/201409170000/,東京都旧跡 池上本門寺「松濤園」一般公開 | Mittyoの田舎の ...,duckduckgo,duckduckgo,true
https://hokekyo-k.seesaa.net/article/451016546.html,【池上 松濤園 2017】日蓮宗池上本門寺「松濤園(しょうと ...,duckduckgo,duckduckgo,true
https://www.youtube.com/watch?v=jCNkPEH9kNU,松濤園 一般公開 東京都大田区SHOTOEN TOKYO - YouTube,duckduckgo,duckduckgo,true
https://honmonji.jp/outline/livecamera.html,池上本門寺ウェブサイト>ライブカメラ - Ikegami Honmon-ji,duckduckgo,duckduckgo,true
https://bg-mania.jp/2014/04/28110524.html,コンセプトは「ネオ精進スタイル」 池上本門寺にガーデン ...,duckduckgo,duckduckgo,true
https://oykov.pallball.org/%E6%B1%A0%E4%B8%8A%E6%9C%AC%E9%96%80%E5%AF%BA%E6%9D%BE%E6%BF%A4%E5%9C%92%E4%B8%80%E8%88%AC%E5%85%AC%E9%96%8B-2023/,池上本門寺松濤園一般公開 2023 - Ohrgeo,duckduckgo,duckduckgo,true
https://blog.goo.ne.jp/m13239230k/e/6b048cae1516c4db7781c8bbf9d3483f,池上本門寺 東京都旧跡・松濤園 期間限定で一般公開 - かぶとん ...,duckduckgo,duckduckgo,true
https://honmonji.jp/pray/mimyoan.html,池上本門寺ウェブサイト>池上本門寺で祈る>微妙庵,duckduckgo,duckduckgo,true
https://ameblo.jp/taira-oha/entry-12478356501.html,池上本門寺 五重塔特別開帳と松濤園公開 | tairaのお散歩,duckduckgo,duckduckgo,true
https://blog.goo.ne.jp/dragon7288/e/994caa885c2e8d5cca913459e70d2e48,池上本門寺奥庭 松濤園 公開 - ドラゴンのホームページ http ...,duckduckgo,duckduckgo,true
https://www.facebook.com/watch/?v=1948407575460407,\11月23日(金・祝)、24日(土)はどんどん市へ/ 【池上本門 ...,duckduckgo,duckduckgo,true
https://copperdentalcl4181.blog.fc2.com/blog-entry-473.html,池上本門寺 松濤園一般公開 & 五重塔ご開帳 - 万遊歩撮 - Fc2,duckduckgo,duckduckgo,true
https://www.youtube.com/watch?v=oBEeEgyKsds,Japanese Temple Ikegami Honmon-ji Shotoen / 池上本門寺 ...,duckduckgo,duckduckgo,true
https://note.com/shojimatakahiro/n/nb875c30449e4,5/3(金)池上本門寺の朗峰会館前では「いのりの日」の ...,duckduckgo,,false
https://www.facebook.com/otakanko/posts/%E6%9D%BE%E6%B6%9B%E5%9C%92%E3%81%8C%E6%9C%9F%E9%96%93%E9%99%90%E5%AE%9A%E3%81%A7%E4%B8%80%E8%88%AC%E5%85%AC%E9%96%8B%E3%81%95%E3%82%8C%E3%81%BE%E3%81%99%E6%B1%A0%E4%B8%8A%E6%9C%AC%E9%96%80%E5%AF%BA%E3%81%AE%E5%8C%97%E5%81%B4%E3%81%AB%E4%BD%8D%E7%BD%AE%E3%81%99%E3%82%8B%E6%9D%BE%E6%B6%9B%E5%9C%92%E3%81%AF%E6%9C%AC%E9%96%80%E5%AF%BA%E6%97%A7%E6%9C%AC%E5%9D%8A%E3%81%AE%E5%A5%A5%E5%BA%AD%E3%81%A8%E3%81%97%E3%81%A6%E6%A1%82%E9%9B%A2%E5%AE%AE%E3%81%AE%E5%BB%BA%E7%AF%89%E3%81%A8%E9%80%A0%E5%9C%92%E3%81%A7%E5%90%8D%E9%AB%98%E3%81%84%E5%B0%8F%E6%8E%98%E9%81%A0%E5%B7%9E%E3%81%AB%E3%82%88%E3%81%A3%E3%81%A6%E9%80%A0%E5%9C%92%E3%81%95%E3%82%8C%E3%81%9F%E3%81%A8%E4%BC%9D%E3%81%88%E3%82%89%E3%82%8C%E3%81%A6%E3%81%84%E3%81%BE/2469434259804786/,大田観光協会 - \松涛園が期間限定で一般公開されます ...,duckduckgo,,false
https://ameblo.jp/shigeru270/entry-12521443719.html,池上本門寺「松濤園」一般公開です (^^ゞ | shigeruちゃんのほぼ ...,duckduckgo,,false
https://jp.zekkeijapan.com/spot/index/10069/?language=jp,池上本門寺,duckduckgo,,false
https://honmonji.jp/enjoy/restaurant.html,池上本門寺ウェブサイト>池上本門寺を味わう>食事・お土産,brave;duckduckgo,brave,true
https://blog.cles.jp/item/7897,池上本門寺の奥庭「松濤園」で英気を養う - cles::blog,duckduckgo,,false
https://tokyo.mytabi.net/ikegami-honmonji-temple.php,池上本門寺,yandex,yandex,true
https://www.wikiwand.com/ja/articles/%E6%B1%A0%E4%B8%8A%E6%9C%AC%E9%96%80%E5%AF%BA,池上本門寺 - Wikiwand,yandex,yandex,true
https://tokyo-trip.org/spot/visiting/tk0382/,鍋島松濤公園 | 東京とりっぷ,yandex,yandex,true
https://tw.wamazing.com/media/article/a-2535/,tw.wamazing.com/media/article/a-2535,yandex,yandex,true
https://maikudaily.com/tokyo-kawazu-sakura/,東京市區河津櫻早櫻景點15... | 米克在日本,yandex,yandex,true
https://nanotown01.com/ikegamihonmonji-oeshiki/,2025...,yandex,yandex,true
http://tokyosaka.sakura.ne.jp/otaku5-ikegamihonmonji.htm,大田区の坂（６）〜池上本門寺方面,yandex,yandex,true
https://www.bunmori-unkyo.jp/magazine/item/vol.17.pdf,Vol.17 大田文化の森運営協議会 https://www.bunmori-unkyo.jp › item › vol.17.pdf,google,google,true
https://www.ikegamiblog.com/entry/2017/05/01/183703,池上本門寺隣のプレハブ小屋 - Dogwoodの池上日記 ikegamiblog.com https://www.ikegamiblog.com › その他,google,google,true
https://tabelog.com/tokyo/A1317/A131714/13207454/dtlrvwlst/B311426045/,ガーデンレストラン 人形町 今半 池上本門寺店 - 池上/すき焼き 食べログ https://tabelog.com › ... › 西馬込駅 すき焼き,google,google,true
https://winedineosanpo.chips.jp/3QP01.html,Wine and Dine and Osanpo chips.jp https://winedineosanpo.chips.jp › ...,google,google,true
https://4travel.jp/dm_shisetsu/10008913?page=4,池上本門寺 クチコミ・アクセス・周辺情報 フォートラベル https://4travel.jp › ... › 馬込・池上 › 馬込・池上 観光,google,google,true
https://www.shiseiweb.co.jp/ootaku/%E6%B1%A0%E4%B8%8A%E6%9C%AC%E9%96%80%E5%AF%BA%E3%81%AE%E6%98%A5%E5%A4%8F%E7%A7%8B%E5%86%AC/,池上本門寺の春夏秋冬 | 大田区千景 市井文化社 https://www.shiseiweb.co.jp › 大田区 › イベント,google,google,true
https://x.com/ikegamino_oyama,ikegamino_oyama - 大田くみん X · ikegamino_oyama 50 人以上のフォロワー,google,google,true
https://www.city.ota.tokyo.jp/kuho/kuho_web/20181101/johobox.html,おおた区報WEB版 平成30年11月1日号〔暮らしの情報箱 大田区 https://www.city.ota.tokyo.jp › kuho_web › johobox,google,google,true
https://ameblo.jp/yama-chan1/entry-12699609141.html,池上本門寺 中山法華経寺 | やまちゃん1のブログ アメーバブログ https://ameblo.jp › yama-chan1 › entry-12699609141,google,google,true
https://4travel.jp/dm_travelogue_list-kuchoson-magome.html?tag=3212,「寺社巡り」馬込・池上の旅行記・ブログ フォートラベル https://4travel.jp › ... › 関東地方 › 東京 › 馬込・池上,google,google,true
https://tabelog.com/tokyo/A1317/A131714/13035035/dtlrvwlst/B117579927/,懐石 花むら - 池上/日本料理 食べログ https://tabelog.com › ... › 西馬込駅 日本料理,google,google,true
https://san-tatsu.jp/spots/7800/,池上本門寺通り（馬込・池上 / その他） さんたつ by 散歩の達人 https://san-tatsu.jp › 東京都 › 馬込・池上,google,google,true
https://jp.trip.com/moments/detail/tokyo-294-9378279/,中道院 東京都大田区池上1丁目にある日蓮宗の寺院。 ... Trip.com https://jp.trip.com › detail › tokyo-294-9378279,google,google,true
https://4travel.jp/dm_travelogue_list-kuchoson-magome.html?page=5,馬込・池上の旅行記・ブログ(5ページ) - 東京 - フォートラベル フォートラベル https://4travel.jp › ... › 関東地方 › 東京 › 馬込・池上,google,google,true
https://san-tatsu.jp/spots/7801/,池上本門寺（馬込・池上 / 寺） さんたつ by 散歩の達人 https://san-tatsu.jp › 東京都 › 馬込・池上,google,google,true
https://www.waseda.jp/fpse/faculty/?pg=29,教員 – 早稲田大学 政治経済学術院 早稲田大学 https://www.waseda.jp › fpse › faculty,google,google,true
https://www.leading-sn.waseda.ac.jp/page-1344/,関係教員 | 早稲田大学 大学院 カーボンニュートラル副専攻 ICT ... 実体情報学コース https://www.leading-sn.waseda.ac.jp › page-1344,google,google,true
https://www.waseda.jp/inst/gec/faculty/?pg=3,教員 – 早稲田大学 グローバル・エデュケーション・センター 早稲田大学 https://www.waseda.jp › inst › gec › faculty,google,google,true
https://www.waseda.jp/flas/hss/news/?tag=outreach+research&pg=3,ニュース – 早稲田大学 文学部 早稲田大学 https://www.waseda.jp › flas › hss › news,google,google,true
https://up-j.shigaku.go.jp/school/category07/00000000268601000.html,早稲田大学 教員情報 - 大学ポートレート（私学版） 大学ポートレート（私学版） https://up-j.shigaku.go.jp › school › category07,google,google,true
https://www.youtube.com/watch?v=2jIz5yzTDtc,早稲田大学教授への道 ～大学研究者のキャリア～ YouTube · Norimatsu-lab in Nagoya University 視聴回数: 1300 回以上 · 3 年前,google,google,true
https://www.waseda.jp/top/about/work/organizations/personnel/other?pg=3,その他 早稲田大学 https://www.waseda.jp › top › work › personnel › other,google,google,true
https://www.eb.waseda.ac.jp/laboratory/professor06.html,通信工学教員一覧｜早稲田大学 電気・情報生命工学科／専攻 電気・情報生命工学科 https://www.eb.waseda.ac.jp › laboratory › professor06,google,google,true
https://www.waseda.jp/inst/ches/news/2016/04/04/1017,2016年度の新任教員セミナーを開催しました 早稲田大学 https://www.waseda.jp › inst › ches › news › 2016/04/04,google,google,true
https://www.jera.jp/20200413-2/,早稲田大学文学学術院 教員の公募（教授または准教授） 日本教育学会 https://www.jera.jp › ...,google,google,true
https://discover.w.waseda.jp/professor_message/page/10/,早稲田大学 受験生応援サイト DISCOVER WASEDA 早稲田大学 https://discover.w.waseda.jp › professor_message › page,google,google,true
https://www.waseda.jp/fedu/tec/about,センターについて 早稲田大学 https://www.waseda.jp › fedu › tec › about,google,google,true
https://www.waseda.jp/inst/gec/other/2026/07/23/16191,講師（任期付）（アカデミック・ライティング）【2026/9/17 17:00〆】 早稲田大学 https://www.waseda.jp › inst › gec › other › 2026/07/23,google,google,true
https://www.waseda.jp/inst/gec/assets/uploads/2021/09/06_2_Curriculum-Vitae-Sample-.pdf,早稲田大学教員任用履歴書 No.1 早稲田大学 https://www.waseda.jp › gec › uploads › 2021/09,google,google,true
https://www.waseda.jp/fedu/tec/other/3761,8月23日（土）早稲田大学稲門教育会「第3回 若手教員 ... 早稲田大学 https://www.waseda.jp › fedu › tec › other,google,google,true
https://waseda-edu-english.com/ug/kyouin/,中高教員 waseda-edu-english.com https://waseda-edu-english.com › kyouin,google,google,true
https://www.waseda.jp/fedu/tec/assets/uploads/2020/05/8053.pdf,2020年度 早稲田大学教員免許更新講習 シラバス 早稲田大学 https://www.waseda.jp › tec › uploads › 2020/05,google,google,true
https://www.waseda.jp/fcom/soc/assets/uploads/2016/11/joshu1704_03.pdf,「早稲田大学教員任用履歴書」記入要領（【記入例】参照） 早稲田大学 https://www.waseda.jp › 2016/11 › joshu1704_03,google,google,true
https://www.waseda.jp/inst/ches/news/2017/05/17/1461,2017年度教員（助教）募集 早稲田大学 https://www.waseda.jp › inst › ches › news › 2017/05/17,google,google,true
https://www.waseda.jp/fcom/soc/assets/uploads/2016/06/sennin_kaikeigaku_1704_00.pdf,早稲田大学商学部 専任教員募集要項 早稲田大学 https://www.waseda.jp › soc › uploads › 2016/06,google,google,true
https://www.waseda.jp/fedu/tec/other,その他 – 早稲田大学 教職支援センター 早稲田大学 https://www.waseda.jp › fedu › tec › other,google,google,true
https://www.waseda.jp/fcom/soc/assets/uploads/2021/07/a6f7202ab158f53d3038fa63b6e8bbcf.pdf,早稲田大学商学学術院(商学部主担当)教員 募集要項 早稲田大学 https://www.waseda.jp › soc › uploads › 2021/07,google,google,true
https://prj-kyodo-enpaku.w.waseda.jp/archive/recruit/sankou.pdf,「早稲田大学教員任用履歴書」記入要領（【記入例】参照） 演劇映像学連携研究拠点 https://prj-kyodo-enpaku.w.waseda.jp › sankou,google,google,true
https://www.waseda.jp/top/en/_import/34912,国際バカロレア（IB）と教員養成 早稲田大学 https://www.waseda.jp › top › _import,google,google,true
https://www.waseda.jp/fpse/pse/assets/uploads/2019/01/ea12d32d525a4873bd74ca009f90634b.pdf,早稲田大学履歴書【記入例】 No.1 早稲田大学 https://www.waseda.jp › pse › uploads › 2019/01,google,google,true
https://www.waseda.jp/inst/gec/assets/uploads/2024/11/06_2_Curriculum-Vitae-Sample-E.pdf,早稲田大学教員任用履歴書 No.1 早稲田大学 https://www.waseda.jp › gec › uploads › 2024/11,google,google,true
https://www.jma.go.jp/bosai/map.html,台風情報 気象庁 https://www.jma.go.jp › bosai › map,google,google,true
https://www.jma.go.jp/bosai/typhoon/,気象庁｜台風情報 気象庁 https://www.jma.go.jp › bosai › typhoon,google,google,true
https://www.data.jma.go.jp/multi/cyclone/cyclone_detail.html?id=60&lang=jp,台風情報 : 詳細情報 気象庁 https://www.data.jma.go.jp › cyclone › cyclone_detail,google,google,true
https://typhoon.yahoo.co.jp/weather/jp/typhoon/,台風情報 - Yahoo!天気・災害 Yahoo!天気 https://typhoon.yahoo.co.jp › weather › typhoon,google,google,true
https://agora.ex.nii.ac.jp/digital-typhoon/help/tyinfo.html.ja,気象庁と米軍（アメリカ海軍） Joint Typhoon Warning Center ... nii.ac.jp https://agora.ex.nii.ac.jp › help › tyinfo.html.ja,google,google,true
https://weathernews.jp/onebox/typhoon/,台風情報【進路予想図】 ウェザーニュース https://weathernews.jp › onebox › typhoon,google,google,true
https://www.jma.go.jp/jma/kishou/know/typhoon/7-1.html,台風情報の種類と表現方法 気象庁 https://www.jma.go.jp › jma › kishou › know › typhoon,google,google,true
https://tenki.jp/bousai/typhoon/,台風情報 / 最新位置・進路予想 - 日本気象協会 tenki.jp tenki.jp https://tenki.jp › bousai › typhoon,google,google,true
https://www.jma-net.go.jp/okinawa/typhoon/information/index.html,台風情報-沖縄気象台 気象庁 https://www.jma-net.go.jp › typhoon › information,google,google,true
https://www.jma.go.jp/jp/typh/,気象庁 Japan Meteorological Agency 気象庁 https://www.jma.go.jp › typh,google,google,true
https://www.imocwx.com/typ5dn.php,台風経路図 国際気象海洋株式会社 https://www.imocwx.com › ...,google,google,true
https://www.jma.go.jp/bosai/information/typhoon.html,全般気象解説情報（台風） 気象庁 https://www.jma.go.jp › bosai › information › typhoon,google,google,true
https://www.gpvweather.com/typhoon.php,台風情報 気象庁（GPV Weather） GPV Weather https://www.gpvweather.com › typhoon,google,google,true
https://www.jma.go.jp/,気象庁 Japan Meteorological Agency 気象庁 https://www.jma.go.jp,google,google,true
https://tenki.jp/bousai/knowledge/5cb50a0.html,台風情報のみかた（知る防災） tenki.jp https://tenki.jp › 知る防災,google,google,true
https://www.jma.go.jp/jma/kishou/know/typhoon/1-1.html,台風とは 気象庁 https://www.jma.go.jp › jma › kishou › know › typhoon,google,google,true
https://www.youtube.com/watch?v=J6_lqQfya_M,【2026年台風25号】大型で関東接近 大島800mm超 印旛沼決壊 ... YouTube · 走る人参（気象予報士） 視聴回数: 2万 回以上 · 2 日前,google,google,true
https://www.data.jma.go.jp/typhoon/statistics/generation/generation.html,台風の発生数[協定世界時基準] 気象庁 https://www.data.jma.go.jp › generation › generation,google,google,true
https://weathernews.jp/news/202610/030081/,ハリケーンNOLOが西経域から入り「越境台風」になる可能性 ... ウェザーニュース https://weathernews.jp › news,google,google,true
https://www.data.jma.go.jp/typhoon/,過去の台風資料 気象庁 https://www.data.jma.go.jp › typhoon,google,google,true
https://ccwd07.bosai.go.jp/DTD2/HowTo/typhoon.html,台風概要情報表示画面の見方 防災科研 https://ccwd07.bosai.go.jp › DTD2 › HowTo › typhoon,google,google,true
https://www.youtube.com/watch?v=p0xhCYcXDGk,rain clouds may reach parts of Ch... YouTube · TBS NEWS DIG Powered by JNN 視聴回数: 3.8万 回以上 · 3 日前,google,google,true
https://www.jma.go.jp/jma/bosaiinfo/rain_portal.html,台風や大雨に関する最新の防災気象情報 気象庁 https://www.jma.go.jp › jma › bosaiinfo › rain_portal,google,google,true
https://newsdig.tbs.co.jp/articles/-/2987805?display=1,【台風情報】大型で非常に強い勢力の台風27号が北進中 予想 ... TBS NEWS DIG https://newsdig.tbs.co.jp › articles,google,google,true
https://www.saga-s.co.jp/articles/-/1803948,全般気象解説情報（台風第27号）（第3報）＝気象庁発表（4日 ... 佐賀新聞 https://www.saga-s.co.jp › 全国のニュース,google,google,true
https://s.n-kishou.co.jp/w/charge/hires/radar?type=typhoon,台風情報 | 高解像度レーダー お天気ナビゲータ https://s.n-kishou.co.jp › charge › hires › radar,google,google,true
https://www.fukuishimbun.co.jp/articles/-/2713962,非常に強い台風27号…気象庁の予想進路、米軍・ヨーロッパ ... 福井新聞社 https://www.fukuishimbun.co.jp › ... › 台風の進路予想,google,google,true
https://www.data.jma.go.jp/multi/cyclone/cyclone_caplink.html?lang=jp,台風情報 : 台風の大きさと強さについて 気象庁 https://www.data.jma.go.jp › cyclone › cyclone_caplink,google,google,true
https://ja.wikipedia.org/wiki/%E5%8F%B0%E9%A2%A8%E6%83%85%E5%A0%B1,台風情報 Wikipedia https://ja.wikipedia.org › wiki › 台風情報,google,google,true
https://topics.smt.docomo.ne.jp/article/sbc21/region/sbc21-2984044,【台風情報】台風27号（チョーイワン）今後の進路は？4日に ... ｄメニューニュース https://topics.smt.docomo.ne.jp › ニュース › 地域 › 気象庁,google,google,true
https://www.youtube.com/watch?v=Uz2a_78_gZU,台風26号、関東最接近へ 都心で35日連続の雨（2026年10月01日） YouTube · FNNプライムオンライン 視聴回数: 3万 回以上 · 3 日前,google,google,true
https://www.bioweather.net/typhoon/typhoons.php,台風情報 BioWeather https://www.bioweather.net › typhoon › typhoons,google,google,true
https://news.web.nhk/kishou-saigai/typhoon/,【NHK】最新の台風情報・進路予想 - NHKニュース NHKニュース https://news.web.nhk › kishou-saigai › typhoon,google,google,true
https://www.thr.mlit.go.jp/fukushima/antenna/jump_page/jump_c.html,気象庁 東北地方整備局 https://www.thr.mlit.go.jp › jump_page › jump_c,google,google,true
https://www.jma.go.jp/bosai/information/,気象防災速報・気象解説情報等 気象庁 https://www.jma.go.jp › bosai › information,google,google,true
https://news.yahoo.co.jp/search?p=%E6%B0%97%E8%B1%A1%E5%BA%81+%E5%8F%B0%E9%A2%A8%E6%83%85%E5%A0%B1+%E6%9C%80%E6%96%B0,「気象庁 台風情報 最新」の検索結果 - Yahoo!ニュース Yahoo!ニュース https://news.yahoo.co.jp › search › p=気象庁+台風情報...,google,google,true
https://www.toonippo.co.jp/articles/-/2375745,全般気象解説情報（台風第27号）（第3報）＝気象庁発表 ... 東奥日報社 https://www.toonippo.co.jp › 全国のニュース,google,google,true
https://www.47news.jp/15033296.html,非常に強い台風27号…気象庁の予想進路、米軍・ヨーロッパ ... 47NEWS https://www.47news.jp › 社会 › 新聞社 › 天気・気象,google,google,true
https://www.data.jma.go.jp/multi/cyclone/index.html?lang=jp,台風情報 気象庁 https://www.data.jma.go.jp › multi › cyclone,google,google,true
https://www.jma-net.go.jp/tokyo/,東京管区気象台 気象庁 https://www.jma-net.go.jp › tokyo,google,google,true
https://www.imocwx.com/typ/typ5dn_0.htm,台風予想進路図（気象庁発表） 国際気象海洋株式会社 https://www.imocwx.com › typ,google,google,true
https://www.data.jma.go.jp/suishin/cgi-bin/catalogue/make_product_page.cgi?id=Taifu,台風 気象庁 https://www.data.jma.go.jp › make_product_page,google,google,true
https://www.youtube.com/watch?v=LhJ7jRwaXjY,列島で大雨、東京は最長33日連続の長雨に 台風26号が1日ごろ ... YouTube · FNNプライムオンライン 視聴回数: 4.9万 回以上 · 5 日前,google,google,true
https://imidas.jp/genre/detail/K-123-0006.html,台風情報 | 時事用語事典 | 知を探究する教養メディア imidas ... imidas.jp https://imidas.jp › genre › detail,google,google,true
https://tenki.jp/bousai/typhoon/2625/,台風25号(2026年) / 最新位置・進路予想 - 日本気象協会 tenki.jp tenki.jp https://tenki.jp › トップ › 台風情報,google,google,true
https://www.data.jma.go.jp/typhoon/route_map/index.html,台風経路図 気象庁 https://www.data.jma.go.jp › typhoon › route_map,google,google,true
https://www.fnn.jp/articles/-/1125216,台風27号は「非常に強い」勢力に発達へ 本州の東海上を北上 ... FNNプライムオンライン https://www.fnn.jp › 都道府県 › 広島,google,google,true
https://newsdig.tbs.co.jp/articles/tut/2987382?display=1,富山市役所を家宅捜索 国勢調査の人口水増し問題で下方修正は3 ... TBS NEWS DIG · チューリップテレビ https://newsdig.tbs.co.jp · 23 時間前,google,google,true
http://fujin.geo.kyushu-u.ac.jp/typhoon/index.php,台風情報データベース (川村研・九大院理学) 九州大学 http://fujin.geo.kyushu-u.ac.jp › typhoon,google,google,true
https://newsdig.tbs.co.jp/articles/-/2041604,【台風情報】きょう台風5号発生へ 日本列島直撃コース 今後の ... TBS NEWS DIG https://newsdig.tbs.co.jp › 国内,google,google,true
https://www.jma.go.jp/bosai/weather_map/,気象庁 | 天気図 気象庁 https://www.jma.go.jp › bosai › weather_map,google,,false
https://tenki.jp/bousai/typhoon/2624/,台風24号(2026年) / 最新位置・進路予想 - 日本気象協会 tenki.jp tenki.jp https://tenki.jp › トップ › 台風情報,google,,false
https://news.tv-asahi.co.jp/news_society/articles/000536506.html,台風25号による死者14人に 決壊した堤防の復旧作業進む テレ朝NEWS https://news.tv-asahi.co.jp · 5 日前,google,,false
https://www.gpvweather.com/typhoon_print.php,台風情報 気象庁（GPV Weather） GPV Weather https://www.gpvweather.com › typhoon_print,google,,false
https://www.jma.go.jp/bosai/warning/,警報・注意報 気象庁 https://www.jma.go.jp › bosai › warning,google,,false
https://www.tokyo-np.co.jp/article/264153,Tokyo Nikkei tokyo-np.co.jp › article › 264153 池上【大田区】池上本門寺の古き良き門前町を散策し、黒蜜たっぷりの久寿餅を味わう 〜ぐるり東京 街さんぽ〜：東京新聞デジタル,brave,brave,true
https://www.jalan.net/kankou/spt_13111ag2130015172/,Jalan jalan.net › 観光ガイド › 関東のその他神社・神宮・寺院 › 東京のその他神社・神宮・寺院 › 蒲田・大森・羽田周辺のその他神社・神宮・寺院 › 大田区のその他神社・神宮・寺院 › 池上本門寺 【池上本門寺】アクセス・営業時間・料金情報 - じゃらんnet,brave,brave,true
https://otakushoren.com/event/130571,Otakushoren otakushoren.com › event › 130571 【池上】第10回「池上日和」は2025/12/21(日)に池上本門寺で開催 ｜ おーたふる 大田区商店街ナビ,brave,brave,true
https://rurubu.jp/andmore/spot/80011690,Rurubu rurubu.jp › るるぶ&more. › 関東 › 東京都 › 品川・羽田・蒲田・自由が丘 › 馬込・蒲田 › 大田区 › 池上本門寺 池上本門寺（東京都／大田区）のアクセス・営業時間・料金情報｜るるぶ&more.,brave,brave,true
https://trip.iko-yo.net/events/6161,Iko-yo trip.iko-yo.net › top › コンテンツで探す - イベント一覧 › イベント詳細 池上本門寺 お会式（2025） | 約100基の万灯がまちなかを練り歩く＆限定御朱印頒布も！「池上本門寺 お会式」2025年開催情報 | 東京都大田区 | いこーよとりっぷ,brave,brave,true
https://k-daihonzan.jp/honmonji.html,K-daihonzan k-daihonzan.jp › honmonji.html 池上本門寺,brave,brave,true
https://www.nihon-kankou.or.jp/tokyo/detail/13111ba2212055329,JAPAN 47 GO nihon-kankou.or.jp › home › エリアから探す › 東京都 東京都 / 観光スポット＆おでかけ情報 -【JAPAN 47 GO】,brave,brave,true
https://moonflower321.seesaa.net/article/201909article_1.html,Seesaa moonflower321.seesaa.net › article › 201909article_1.html 池上本門寺 松濤園 一般公開（2019.9.7）: 黄昏草日記,brave,brave,true
https://oniwa.garden/ikegami-honmonji-temple-garden-%E6%B1%A0%E4%B8%8A%E6%9C%AC%E9%96%80%E5%AF%BA-%E6%9D%BE%E6%B6%9B%E5%9C%92/,Oniwa oniwa.garden › ホーム › 関東の庭園 › 東京都の庭園 › 東京23区西部の庭園 › 大田区・品川区の庭園 池上本門寺庭園“松涛園” ― 小堀遠州作庭…東京都大田区の庭園。 | 庭園情報メディア【おにわさん】,brave,brave,true
https://www.reien-tokyo.com/detail/id1429264720-607095.html,Reien-tokyo reien-tokyo.com › detail › id1429264720-607095.html 池上本門寺(東京都大田区)の概要・価格・アクセス｜東京の霊園.com｜【無料】資料請求,brave,brave,true
https://ppap.kinto-jp.com/spot/877,Prism Japan ppap.kinto-jp.com › top › 全国の寺院 › 関東の寺院 › 東京都の寺院 【池上本門寺】の周辺スポット・アクセス・口コミ - Prism Japan,brave,brave,true
https://ekitan.com/local-info/leisure/spot/spid-4ff18a0ecba565f5790111bf1bf3cf42,Ekitan ekitan.com › local-info › leisure › spot › spid-4ff18a0ecba565f5790111bf1bf3cf42 池上本門寺 - 駅探,brave,brave,true
https://www.city.ota.tokyo.jp/shisetsu/ikegamikaikan/index.html,Tokyo City city.ota.tokyo.jp › shisetsu › ikegamikaikan › index.html 大田区ホームページ：池上会館,brave,brave,true
https://t.pia.jp/pia/venue/venue.do?prefectureCd=13&cityCd=111&venueCd=HMNJ,Pia t.pia.jp › pia › venue › venue.do 池上本門寺－イベント会場 | チケットぴあ,brave,brave,true
https://hanami.walkerplus.com/detail/ar0313e26528/,Walkerplus hanami.walkerplus.com › detail › ar0313e26528 日蓮宗大本山 池上本門寺の桜（大田区） - お花見2026 - ウォーカープラス,brave,brave,true
https://www.visiting-japan.com/ja/articles/events/j13oh-ikegami-honmonji-haru-matsuri.htm,Visiting-japan visiting-japan.com › ja › articles › events › j13oh-ikegami-honmonji-haru-matsuri.htm 池上本門寺 春まつり - 東京都大田区 - 4月上旬 - 伝統の日本紀行,brave,brave,true
https://www.tripadvisor.com/Attraction_Review-g1066454-d1237077-Reviews-Ikegami_Hommon_ji_Temple-Ota_Tokyo_Tokyo_Prefecture_Kanto.html,Tripadvisor tripadvisor.com › asia › japan › kanto › tokyo prefecture › tokyo › ota › things to do in ota › ikegami hommon-ji temple 池上本門寺 口コミ・写真・地図・情報,brave,brave,true
https://jp.trip.com/moments/theme/poi-ikegami-honmon-ji-temple-18699595-temple-900208/,TRIP.COM jp.trip.com › trip moments › 日本 › 東京 › 日蓮宗大本山 池上本門寺 2026年 日蓮宗大本山 池上本門寺寺院おすすめ| Trip Moments,brave,brave,true
https://www.navitime.co.jp/category/0705001/13111001000/,NAVITIME navitime.co.jp › category › 0705001 › 13111001000 東京都大田区池上の寺院一覧 - NAVITIME,brave,brave,true
https://trip.iko-yo.net/events/3186,Iko-yo trip.iko-yo.net › top › コンテンツで探す - イベント一覧 › イベント詳細 池上本門寺 除夜の鐘つき（2024年） | 池上本門寺で「除夜の鐘つき」を！ スケジュールや参加方法をチェック | 東京都大田区 | いこーよとりっぷ,brave,brave,true
https://reien-sagashi.com/list/51858/,Reien-sagashi reien-sagashi.com › list › 51858 池上本門寺(東京都大田区) | 霊園さがし,brave,brave,true
https://culturemk.exblog.jp/23667792/,Exblog culturemk.exblog.jp › 23667792 東京 大田区 池上本門寺 松濤園特別公開ほか | 川沿いのラプソディ,brave,brave,true
https://omairi.club/spots/81851,Omairi omairi.club › 神社・お寺ランキング › 東京都の神社・お寺 › 大田区の神社・お寺 › 池上本門寺 池上本門寺 - 大田区/東京都 | Omairi(おまいり),brave,brave,true
https://www.city.ota.tokyo.jp/omori/ts_ikegami/index.html,Tokyo City city.ota.tokyo.jp › omori › ts_ikegami › index.html 大田区ホームページ：池上特別出張所,brave,brave,true
https://queryhub.jp/power-spot/articles-1393/,QueryHub queryhub.jp › home › パワースポット › お寺 › 【池上本門寺（東京都大田区）】日蓮宗の大本山！壮大な階段と煌びやかな本堂・見どころ・御朱印を徹底ガイド 【池上本門寺（東京都大田区）】日蓮宗の大本山！壮大な階段と煌びやかな本堂・見どころ・御朱印を徹底ガイド,brave,brave,true
https://www.instagram.com/p/C6jVqsFPZSq/,Instagram instagram.com › p › C6jVqsFPZSq 池上本門寺庭園「松涛園」（東京都大田区） Ikegami Honmonji ...,brave,brave,true
https://otakushoren.com/event/118339,Otakushoren otakushoren.com › event › 118339 【池上】2026/4/4(土)、5日(日)に本門寺「春まつり」 ｜ おーたふる 大田区商店街ナビ,brave,brave,true
https://www.sudo-sekizai.co.jp/ikegamihonmonji.html,Sudo-sekizai sudo-sekizai.co.jp › ikegamihonmonji.html 大本山 池上本門寺｜東京都大田区｜霊園・墓石の須藤石材,brave,brave,true
https://www.gotokyo.org/jp/spot/ev184/index.html,Official Tokyo Travel Guide gotokyo.org › ホーム › calendar › 池上本門寺春まつり 池上本門寺春まつり／東京の観光公式サイトGO TOKYO,brave,brave,true
https://www.visiting-japan.com/ja/articles/events/j13oh-ikegami-honmonji-oeshiki.htm,Visiting-japan visiting-japan.com › ja › articles › events › j13oh-ikegami-honmonji-oeshiki.htm 池上本門寺 お会式 - 東京都大田区 - 10月11～13日,brave,brave,true
https://jp.trip.com/moments/theme/poi-ikegami-honmon-ji-18699595-attractions-993137/,TRIP.COM jp.trip.com › moments › theme › poi-ikegami-honmon-ji-18699595-attractions-993137 池上本門寺のおすすめ観光スポット2025年（4月更新）| Trip Moments,brave,brave,true
https://www.city.ota.tokyo.jp/shisetsu/sports/ryokuchi/honmonji_park.html,Tokyo City city.ota.tokyo.jp › shisetsu › sports › ryokuchi › honmonji_park.html 大田区ホームページ：本門寺公園,brave,brave,true
https://icotto.jp/presses/14141,icotto icotto.jp › top › 東京都 › 見どころ満載！日蓮宗の大本山「池上本門寺」の楽しみ方 見どころ満載！日蓮宗の大本山「池上本門寺」の楽しみ方 | icotto（イコット）,brave,brave,true
https://www.reien-tokyo.net/ikegamihonmonji.html,Reien-tokyo reien-tokyo.net › ikegamihonmonji.html 日蓮宗大本山 池上本門寺│大田区│東京都霊園ガイド,brave,brave,true
https://www.facebook.com/tokyobeigoma/posts/%E6%98%8E%E6%97%A5%E3%81%AE4%E6%9C%8811%E6%97%A513%E6%99%82%E3%81%8B%E3%82%89%E6%B1%A0%E4%B8%8A%E6%9C%AC%E9%96%80%E5%AF%BA%E5%85%AC%E5%9C%92%E3%81%A7%E3%81%AE%E9%96%8B%E5%82%AC%E5%A0%B4%E6%89%80%E3%81%AE%E8%A9%B3%E7%B4%B0%E3%81%AF%E3%81%93%E3%81%A1%E3%82%89%E3%81%AB%E3%81%AA%E3%82%8A%E3%81%BE%E3%81%99/1261653366148770/,Facebook facebook.com › tokyobeigoma › posts › 明日の4月11日13時から池上本門寺公園での開催場所の詳細はこちらになります › 1261653366148770 明日の4月11日13時から、 池上本門寺公園での開催場所 ...,brave,brave,true
https://www.ishichou.co.jp/search/detail/id/1012,Ishichou ishichou.co.jp › search › detail › id › 1012 池上本門寺（日蓮宗 大本山）(大田区) | お墓のことは石長へ 創業四百年の石材店,brave,brave,true
https://omatsuri.blackstone.jp/festival/%E6%9D%B1%E4%BA%AC%E9%83%BD/%E5%A4%A7%E7%94%B0%E5%8C%BA/1212/,Blackstone omatsuri.blackstone.jp › お祭りデータベース › 東京都 › 大田区 池上本門寺 春まつり | お祭り日和,brave,brave,true
https://temple.nichiren.or.jp/0031039-hommonji/,Nichiren temple.nichiren.or.jp › 0031039-hommonji 長栄山 池上本門寺 - 日蓮宗ポータルサイト,brave,brave,true
https://j-matsuri.com/oeshiki/,J-matsuri j-matsuri.com › home › 10月 › 御会式 10月東京都大田区のお祭り 場所・時期・観光スポットもご紹介 御会式 10月東京都大田区のお祭り 場所・時期・観光スポットもご紹介 | まつりとりっぷ,brave,brave,true
https://rurubu.jp/andmore/spot/80011690/hatsumode,Rurubu rurubu.jp › るるぶ&more. › 関東 › 東京都 › 品川・羽田・蒲田・自由が丘 › 馬込・蒲田 › 大田区 › 池上本門寺 › 年末年始(初詣)情報 池上本門寺（東京都／大田区）｜全国のおすすめ初詣スポット2026｜るるぶ&more.,brave,brave,true
https://otakushoren.com/event/129069,Otakushoren otakushoren.com › event › 129069 【池上】2026/9/27(日)「第21回 池上まつり」開催！ ｜ おーたふる 大田区商店街ナビ,brave,brave,true
https://camera-map.com/tokyo/otaku/livecamera-4541.html,Camera-map camera-map.com › tokyo › otaku › livecamera-4541.html 池上本門寺 ライブカメラと雨雲レーダー/東京都大田区,brave,brave,true
https://www.mapple.net/sp_spot/568805/,Mapple mapple.net › sp_spot › 568805 池上本門寺 - まっぷるウェブ,brave,brave,true
https://trip.iko-yo.net/events/765,Iko-yo trip.iko-yo.net › top › コンテンツで探す - イベント一覧 › イベント詳細 池上本門寺 除夜の鐘つき（2023年） | 池上本門寺で「除夜の鐘つき」を！ スケジュールや参加方法をチェック | 東京都大田区 | いこーよとりっぷ,brave,brave,true
https://ikeshoren.jp/honmonji/,Ikeshoren ikeshoren.jp › home › 池上本門寺 池上本門寺 | 池上地区商店会連合会,brave,brave,true
https://www.precieux-studio.com/column/ikegamihonmonji-753-omiyamairi/,Precieux-studio precieux-studio.com › column › ikegamihonmonji-753-omiyamairi 池上本門寺に七五三&お宮参り！お会式が有名な東京都大田区のお寺のご祈祷料･写真撮影情報 ｜プレシュスタジオ,brave,brave,true
https://yaokami.jp/1136304/,Yaokami yaokami.jp › 全国 › 東京の神社・寺院 › 大田区 卍池上本門寺｜東京都大田区 - 八百万の神,brave,brave,true
https://www.gltjp.com/en/article/item/11361/,"GOOD LUCK TRIP gltjp.com › home › japan travel guide › kanto region › tokyo › shinagawa, gotanda › shinagawa, gotanda : things to do › shinagawa, gotanda : shrines & temples › ikegami honmon-ji › there’s no better time to check out ikegami honmonji temple’s 5-story pagoda than during cherry blossom season! There’s no better time to check out Ikegami Honmonji Temple’s 5-story pagoda than during cherry blossom season! | GOOD LUCK TRIP",brave,brave,true
https://www.kenty-estate.jp/blog/entry-312510/,Kenty-estate kenty-estate.jp › 蒲田の不動産｜株式会社kenty不動産蒲田本店 › ｋｅｎｔｙ不動産 蒲田本店のスタッフブログ記事一覧 › 大田区にあるパワースポット「池上本門寺」とは？歴史や見どころをチェック！ 大田区にあるパワースポット「池上本門寺」とは？歴史や見どころをチェック！｜蒲田・大田区エリアの不動産は株式会社KENTY不動産蒲田本店にお任せ！,brave,brave,true
https://ja.wikipedia.org/wiki/%E6%9D%BE%E6%BF%A4%E5%9C%92_(%E6%9B%96%E6%98%A7%E3%81%95%E5%9B%9E%E9%81%BF),Wikipedia ja.wikipedia.org › wiki › 松濤園_(曖昧さ回避) 松濤園 (曖昧さ回避) - Wikipedia,brave,brave,true
https://4travel.jp/dm_shisetsu/10008913,4Travel 4travel.jp › dm_shisetsu › 10008913 池上本門寺 クチコミ・アクセス・周辺情報｜馬込・池上 - フォートラベル,brave,brave,true
https://rent-yaguchi.com/cms/slog/entry/239,Rent-yaguchi rent-yaguchi.com › お客様の声 池上の春を満喫｜本門寺「春まつり」と養源寺「花まつり」,brave,brave,true
https://www.e-ohaka.com/detail/id1429264720-607095.html,Ohaka e-ohaka.com › いいお墓トップ › 東京都の霊園・墓地 › 東京都23区の霊園・墓地 › 大田区の霊園・墓地 › 池上本門寺の費用・口コミ・アクセス 池上本門寺(大田区)の費用・販売中区画・口コミ【いいお墓】,brave,brave,true
https://www.ohnoya-cemetery.com/search/honmonji/,Ohnoya-cemetery ohnoya-cemetery.com › search › honmonji 日蓮宗大本山池上本門寺 - メモリアルアートの大野屋,brave,brave,true
https://note.com/cute_lotus440/n/nf8a458eab851,Note note.com › トップ › 旅行・お出かけ › ローカルイベント情報 › 【お祭りレポート】お会式に行ってきました🏮～東京/大田区 【お祭りレポート】お会式に行ってきました🏮～東京/大田区｜takuma®︎,brave,brave,true
https://www.homes.co.jp/life/cl-hobby/cm-stroll/55140/,LIFULL HOME'S homes.co.jp › 不動産・住宅情報サイトlifull home's › 住まいのお役立ち情報 › 街 › 「池上駅」周辺を散歩しよう！レトロとモダン二つの散歩・ウォーキングコースをご紹介 【ホームズ】「池上駅」周辺を散歩しよう！レトロとモダン二つの散歩・ウォーキングコースをご紹介 | 住まいのお役立ち情報,brave,brave,true
https://rent-yaguchi.com/cms/slog/entry/143,Rent-yaguchi rent-yaguchi.com › お客様の声 店長おすすめ！大田区でお花見なら池上本門寺♪4／5・6は「池上本門寺春まつり」,brave,,false
https://unique-ota.city.ota.tokyo.jp/charm/culture/oeshiki/,City unique-ota.city.ota.tokyo.jp › charm › culture › oeshiki お会式（池上本門寺） | Unique Ota - ユニークおおた,brave,,false
https://ota-tokyo.com/destination/ikegami-honmonji-temple/27740,Orphans Kitchen ota-tokyo.com › destination › ikegami-honmonji-temple › 27740 Ikegami Honmonji Temple - Ota City Official Travel Guide,brave,,false
https://x.com/ikegamibiyori,X x.com › ikegamibiyori 池上日和【池商連主催のマルシェ】 (@ikegamibiyori) / Posts / X,brave,,false
https://hongyozi.or.jp/,Hongyozi hongyozi.or.jp 日蓮宗本山 池上 大坊 本行寺,brave,,false
https://otaku.goguynet.jp/2023/07/24/honmonji_mitamamatsuri/,Goguynet otaku.goguynet.jp › 2023 › 07 › 24 › honmonji_mitamamatsuri 【大田区】8/4(金)・5(土)池上本門寺にて『みたま祭り 納涼盆踊り大会』が開催されます♪ | 号外NET 大田区,brave,,false
https://www.tokyu.co.jp/area/ikegami/article/arti-01KB1FPCK9E6358SK8NDXNXKDJ/,Tokyu tokyu.co.jp › トップ › まちを楽しむ › 池上 › 30万人が訪れる、池上本門寺の「お会式」。人気の理由を現地からレポート！ 30万人が訪れる、池上本門寺の「お会式」。人気の理由を現地からレポート！｜東急・東急電鉄公式サイト,brave,,false
https://www.youtube.com/user/ikegamihonmonji,YouTube youtube.com › user › ikegamihonmonji 日蓮宗大本山池上本門寺公式チャンネル,brave,,false
https://otakushoren.com/event/17912,Otakushoren otakushoren.com › event › 17912 【節分】2026/2/3(火)区内各地の寺社で節分の豆まきが行われます（高畑神社2/1、雪ヶ谷八幡2/2、池上本門寺2/3） ｜ おーたふる 大田区商店街ナビ,brave,,false
https://www.o-2.jp/feature/ikegamioeshiki/,O-2 o-2.jp › ホーム › 特集 › スポット › 池上本門寺のお会式がすごかった！ 万灯練行列に感動 池上本門寺のお会式がすごかった！ 万灯練行列に感動 | 【東京・大田観光協会公式サイト】東京の玄関・大田の旅,brave,,false
https://ikeshoren.jp/7321/,Ikeshoren ikeshoren.jp › home › イベント › 【受け付け終了しました】2024年11月23日（土・祝）開催【池上本門寺通り商店会ぽんぽこ祭り】フリーマーケットブース出店者募集の案内 【受け付け終了しました】2024年11月23日（土・祝）開催【池上本門寺通り商店会ぽんぽこ祭り】フリーマーケットブース出店者募集の案内 | 池上地区商店会連合会,brave,,false
https://www.o-2.jp/feature/202503_01_ikegamibaien/,O-2 o-2.jp › ホーム › 特集 › グルメ › 都内有数の名所「池上梅園」大田区の花「うめ」を愛でる＆本門寺公園もお散歩 都内有数の名所「池上梅園」大田区の花「うめ」を愛でる＆本門寺公園もお散歩 | 【東京・大田観光協会公式サイト】東京の玄関・大田の旅,brave,,false
https://www.instagram.com/ikegamihonmonji/,Instagram instagram.com › ikegamihonmonji 池上本門寺 (@ikegamihonmonji) • Fotos y videos de Instagram,brave,,false
