サービス,分類,robots / home（今回）,最新query,CAPTCHA/拒否,CDN・widget手掛かり（今回）,結果品質,備考,最新証拠
Google (`google`),A 独自インデックス型,robots非適用 / home=200 content_observed,200 content_observed,未観測,なし/未観測,応答あり・JSシェル／読み込み画面 / 候補0件・公式未評価,保存HTMLのa要素と狭いタイトル／スニペット文脈。redirectはオフライン復元。最大10件。,[URL](https://www.google.com/search?q=%E6%9D%B1%E4%BA%AC%E9%83%BD%E5%A4%A7%E7%94%B0%E5%8C%BA%20%E6%B1%A0%E4%B8%8A%E6%9C%AC%E9%96%80%E5%AF%BA%20%E6%9D%BE%E6%BF%A4%E5%9C%92%20%E5%85%AC%E9%96%8B%E6%97%A5) / [保存HTML] `runs/patchright/blobs/c14527c352c33edb5edfb0418406a505bb66064dc3c1bf83ec3cd85134b84d87` / [画面] `runs/patchright/patchright-google-baseline-target-2-137.png` / SHA256 `c14527c352c3…` / [詳細JSON](results.json)
Bing (`bing`),A 独自インデックス型,robots非適用 / home=200 content_observed,200 content_observed,未観測,target turnstile:widget_or_library,関連する外部結果候補を確認 / 候補10件・公式未評価,保存HTMLのa要素と狭いタイトル／スニペット文脈。redirectはオフライン復元。最大10件。,[URL](https://www.bing.com/search?q=%E6%9D%B1%E4%BA%AC%E9%83%BD%E5%A4%A7%E7%94%B0%E5%8C%BA%20%E6%B1%A0%E4%B8%8A%E6%9C%AC%E9%96%80%E5%AF%BA%20%E6%9D%BE%E6%BF%A4%E5%9C%92%20%E5%85%AC%E9%96%8B%E6%97%A5) / [保存HTML] `runs/patchright/blobs/ddec3a27b778c1c5b10a90b1fb4f3446e46f3806e512871eaf29712e3952d6a7` / [画面] `runs/patchright/patchright-bing-baseline-target-2-2.png` / SHA256 `ddec3a27b778…` / [詳細JSON](results.json)
Brave Search (`brave`),A 独自インデックス型,robots非適用 / home=200 content_observed,200 content_observed,未観測,homepage aws-cloudfront:technology; target aws-cloudfront:technology,関連する外部結果候補を確認 / 候補10件・公式未評価,保存HTMLのa要素と狭いタイトル／スニペット文脈。redirectはオフライン復元。最大10件。,[URL](https://search.brave.com/search?q=%E6%9D%B1%E4%BA%AC%E9%83%BD%E5%A4%A7%E7%94%B0%E5%8C%BA%20%E6%B1%A0%E4%B8%8A%E6%9C%AC%E9%96%80%E5%AF%BA%20%E6%9D%BE%E6%BF%A4%E5%9C%92%20%E5%85%AC%E9%96%8B%E6%97%A5) / [保存HTML] `runs/patchright/blobs/3234b23edf0a750fde8ea9ccad51d87c033f1f6972c0e1e3299a170329d71ac7` / [画面] `runs/patchright/patchright-brave-baseline-target-2-5.png` / SHA256 `3234b23edf0a…` / [詳細JSON](results.json)
Mojeek (`mojeek`),A 独自インデックス型,robots非適用 / home=200 content_observed,403 access_denied_observed,HTTP拒否,なし/未観測,HTTP拒否 / 候補0件・公式未評価,保存HTMLのa要素と狭いタイトル／スニペット文脈。redirectはオフライン復元。最大10件。,[URL](https://www.mojeek.com/search?q=%E6%9D%B1%E4%BA%AC%E9%83%BD%E5%A4%A7%E7%94%B0%E5%8C%BA%20%E6%B1%A0%E4%B8%8A%E6%9C%AC%E9%96%80%E5%AF%BA%20%E6%9D%BE%E6%BF%A4%E5%9C%92%20%E5%85%AC%E9%96%8B%E6%97%A5) / [保存HTML] `runs/patchright/blobs/5879a7832373b5de16d17d2d46e3bcb651e4a130278ab067c301897bf6471edb` / [画面] `runs/patchright/patchright-mojeek-baseline-target-2-8.png` / SHA256 `5879a7832373…` / [詳細JSON](results.json)
Yep (`yep`),A 独自インデックス型,robots非適用 / home=200 content_observed,404 response_observed,未観測,homepage cloudflare:technology; target cloudflare:technology,HTTPエラー / 候補0件・公式未評価,保存HTMLのa要素と狭いタイトル／スニペット文脈。redirectはオフライン復元。最大10件。,[URL](https://yep.com/search?q=%E6%9D%B1%E4%BA%AC%E9%83%BD%E5%A4%A7%E7%94%B0%E5%8C%BA%20%E6%B1%A0%E4%B8%8A%E6%9C%AC%E9%96%80%E5%AF%BA%20%E6%9D%BE%E6%BF%A4%E5%9C%92%20%E5%85%AC%E9%96%8B%E6%97%A5) / [保存HTML] `runs/patchright/blobs/5e2f585487320b612f4d1f8ea15a2f6cf2e42f691b51387cf0d2947755ed6188` / [画面] `runs/patchright/patchright-yep-baseline-target-2-11.png` / SHA256 `5e2f58548732…` / [詳細JSON](results.json)
Mwmbl (`mwmbl`),A 独自インデックス型,robots非適用 / home=200 content_observed,500 server_error_observed,未観測,なし/未観測,HTTPエラー / 候補0件・公式未評価,保存HTMLのa要素と狭いタイトル／スニペット文脈。redirectはオフライン復元。最大10件。,[URL](https://mwmbl.org/?q=%E6%9D%B1%E4%BA%AC%E9%83%BD%E5%A4%A7%E7%94%B0%E5%8C%BA%20%E6%B1%A0%E4%B8%8A%E6%9C%AC%E9%96%80%E5%AF%BA%20%E6%9D%BE%E6%BF%A4%E5%9C%92%20%E5%85%AC%E9%96%8B%E6%97%A5) / [保存HTML] `retries/patchright/mwmbl/run/blobs/021e9dc1f399de11765318b95eeaafd9b4a8b7d1934d024c727c50fc22162919` / [画面] `retries/patchright/mwmbl/run/patchright-mwmbl-baseline-target-2-2.png` / SHA256 `021e9dc1f399…` / [詳細JSON](results.json)
YaCy (`yacy`),A 独自インデックス型,robots非適用 / home=200 content_observed,未観測,未観測,なし/未観測,検索ルートなし・検索未実施 / 候補0件・公式未評価,保存HTMLのa要素と狭いタイトル／スニペット文脈。redirectはオフライン復元。最大10件。,[URL](https://yacy.net/) / [保存HTML] `runs/patchright/blobs/8a1bae73c92ac411be62c5729fc7cd09e78b0ec85b8d45585c5f1e5a1fca4806` / [画面] `runs/patchright/patchright-yacy-baseline-homepage-1-16.png` / SHA256 `8a1bae73c92a…` / [詳細JSON](results.json)
Marginalia Search (`marginalia`),A 独自インデックス型,robots非適用 / home=200 content_observed,200 content_observed,未観測,なし/未観測,検索結果0件の明示を確認 / 候補0件・公式未評価,保存HTMLのa要素と狭いタイトル／スニペット文脈。redirectはオフライン復元。最大10件。,[URL](https://marginalia-search.com/search?query=%E6%9D%B1%E4%BA%AC%E9%83%BD%E5%A4%A7%E7%94%B0%E5%8C%BA%20%E6%B1%A0%E4%B8%8A%E6%9C%AC%E9%96%80%E5%AF%BA%20%E6%9D%BE%E6%BF%A4%E5%9C%92%20%E5%85%AC%E9%96%8B%E6%97%A5) / [保存HTML] `runs/patchright/blobs/9df5423e80084c68ae5547c8aa50af0a3fd470836b89906feaebfb8df746649d` / [画面] `runs/patchright/patchright-marginalia-baseline-target-2-19.png` / SHA256 `9df5423e8008…` / [詳細JSON](results.json)
Wiby (`wiby`),A 独自インデックス型,robots非適用 / home=200 content_observed,200 content_observed,未観測,なし/未観測,検索結果0件の明示を確認 / 候補0件・公式未評価,保存HTMLのa要素と狭いタイトル／スニペット文脈。redirectはオフライン復元。最大10件。,[URL](https://wiby.me/?q=%E6%9D%B1%E4%BA%AC%E9%83%BD%E5%A4%A7%E7%94%B0%E5%8C%BA%20%E6%B1%A0%E4%B8%8A%E6%9C%AC%E9%96%80%E5%AF%BA%20%E6%9D%BE%E6%BF%A4%E5%9C%92%20%E5%85%AC%E9%96%8B%E6%97%A5) / [保存HTML] `runs/patchright/blobs/d4f22cfc0430e6fab671c9a6d7e340c0c0e72a8672aeb752bc40c185138d0d68` / [画面] `runs/patchright/patchright-wiby-baseline-target-2-22.png` / SHA256 `d4f22cfc0430…` / [詳細JSON](results.json)
Yandex (`yandex`),A 独自インデックス型,robots非適用 / home=200 content_observed,200 content_observed,検索段階で人間確認・Challenge,なし/未観測,検索段階で人間確認・Challenge / 候補0件・公式未評価,保存HTMLのa要素と狭いタイトル／スニペット文脈。redirectはオフライン復元。最大10件。,[URL](https://yandex.com/search/?text=%E6%9D%B1%E4%BA%AC%E9%83%BD%E5%A4%A7%E7%94%B0%E5%8C%BA%20%E6%B1%A0%E4%B8%8A%E6%9C%AC%E9%96%80%E5%AF%BA%20%E6%9D%BE%E6%BF%A4%E5%9C%92%20%E5%85%AC%E9%96%8B%E6%97%A5) / [保存HTML] `runs/patchright/blobs/fdeb7437cebbfe42d4349f162280707d31c828486a35c1c6c0279830dabc1e48` / [画面] `runs/patchright/patchright-yandex-baseline-target-2-25.png` / SHA256 `fdeb7437cebb…` / [詳細JSON](results.json)
Baidu (`baidu`),A 独自インデックス型,robots非適用 / home=200 content_observed,200 content_observed,未観測,なし/未観測,応答あり・検索結果未確認 / 候補0件・公式未評価,保存HTMLのa要素と狭いタイトル／スニペット文脈。redirectはオフライン復元。最大10件。,[URL](https://www.baidu.com/s?wd=%E6%9D%B1%E4%BA%AC%E9%83%BD%E5%A4%A7%E7%94%B0%E5%8C%BA%20%E6%B1%A0%E4%B8%8A%E6%9C%AC%E9%96%80%E5%AF%BA%20%E6%9D%BE%E6%BF%A4%E5%9C%92%20%E5%85%AC%E9%96%8B%E6%97%A5) / [保存HTML] `runs/patchright/blobs/e67a2544da650993af6470bd0a815a449c635b5927b76731c1ebe15228d510b8` / [画面] `runs/patchright/patchright-baidu-baseline-target-2-28.png` / SHA256 `e67a2544da65…` / [詳細JSON](results.json)
Naver (`naver`),A 独自インデックス型,robots非適用 / home=200 content_observed,200 content_observed,未観測,target hcaptcha:widget_or_library,関連する外部結果候補を確認 / 候補3件・公式未評価,保存HTMLのa要素と狭いタイトル／スニペット文脈。redirectはオフライン復元。最大10件。,[URL](https://search.naver.com/search.naver?query=%E6%9D%B1%E4%BA%AC%E9%83%BD%E5%A4%A7%E7%94%B0%E5%8C%BA%20%E6%B1%A0%E4%B8%8A%E6%9C%AC%E9%96%80%E5%AF%BA%20%E6%9D%BE%E6%BF%A4%E5%9C%92%20%E5%85%AC%E9%96%8B%E6%97%A5) / [保存HTML] `runs/patchright/blobs/453ffab46c98b62ab9dd1d5b3e621718055c644544876fa0489ce18922c8f361` / [画面] `runs/patchright/patchright-naver-baseline-target-2-31.png` / SHA256 `453ffab46c98…` / [詳細JSON](results.json)
DuckDuckGo (`duckduckgo`),B プロキシ・メタ検索型,robots非適用 / home=200 content_observed,200 content_observed,未観測,なし/未観測,関連する外部結果候補を確認 / 候補10件・公式未評価,保存HTMLのa要素と狭いタイトル／スニペット文脈。redirectはオフライン復元。最大10件。,[URL](https://duckduckgo.com/?q=%E6%9D%B1%E4%BA%AC%E9%83%BD%E5%A4%A7%E7%94%B0%E5%8C%BA%20%E6%B1%A0%E4%B8%8A%E6%9C%AC%E9%96%80%E5%AF%BA%20%E6%9D%BE%E6%BF%A4%E5%9C%92%20%E5%85%AC%E9%96%8B%E6%97%A5) / [保存HTML] `runs/patchright/blobs/23e48eefe7f88de8affa3899ab3a5427b55b5d898a199828feaee93ba66b0e00` / [画面] `runs/patchright/patchright-duckduckgo-baseline-target-2-34.png` / SHA256 `23e48eefe7f8…` / [詳細JSON](results.json)
Startpage (`startpage`),B プロキシ・メタ検索型,robots非適用 / home=200 content_observed,200 content_observed,未観測,なし/未観測,関連する外部結果候補を確認 / 候補10件・公式未評価,保存HTMLのa要素と狭いタイトル／スニペット文脈。redirectはオフライン復元。最大10件。,[URL](https://www.startpage.com/sp/search?query=%E6%9D%B1%E4%BA%AC%E9%83%BD%E5%A4%A7%E7%94%B0%E5%8C%BA%20%E6%B1%A0%E4%B8%8A%E6%9C%AC%E9%96%80%E5%AF%BA%20%E6%9D%BE%E6%BF%A4%E5%9C%92%20%E5%85%AC%E9%96%8B%E6%97%A5) / [保存HTML] `runs/patchright/blobs/9826afc17f6ce76f460a025517422558ca0692ca9444fe698988d3480ef94808` / [画面] `runs/patchright/patchright-startpage-baseline-target-2-37.png` / SHA256 `9826afc17f6c…` / [詳細JSON](results.json)
Qwant (`qwant`),B プロキシ・メタ検索型,robots非適用 / home=200 content_observed,200 content_observed,未観測,なし/未観測,応答あり・JSシェル／読み込み画面 / 候補0件・公式未評価,保存HTMLのa要素と狭いタイトル／スニペット文脈。redirectはオフライン復元。最大10件。,[URL](https://www.qwant.com/search?q=%E6%9D%B1%E4%BA%AC%E9%83%BD%E5%A4%A7%E7%94%B0%E5%8C%BA%20%E6%B1%A0%E4%B8%8A%E6%9C%AC%E9%96%80%E5%AF%BA%20%E6%9D%BE%E6%BF%A4%E5%9C%92%20%E5%85%AC%E9%96%8B%E6%97%A5) / [保存HTML] `runs/patchright/blobs/5a99110c03586f592f1b9f26a7de82b7f96a4d385f2ab6d5f43e649a4a3557c7` / [画面] `runs/patchright/patchright-qwant-baseline-target-2-40.png` / SHA256 `5a99110c0358…` / [詳細JSON](results.json)
Ecosia (`ecosia`),B プロキシ・メタ検索型,robots非適用 / home=200 content_observed,200 content_observed,未観測,homepage cloudflare:technology; target cloudflare:technology,関連する外部結果候補を確認 / 候補10件・公式未評価,保存HTMLのa要素と狭いタイトル／スニペット文脈。redirectはオフライン復元。最大10件。,[URL](https://www.ecosia.org/search?q=%E6%9D%B1%E4%BA%AC%E9%83%BD%E5%A4%A7%E7%94%B0%E5%8C%BA%20%E6%B1%A0%E4%B8%8A%E6%9C%AC%E9%96%80%E5%AF%BA%20%E6%9D%BE%E6%BF%A4%E5%9C%92%20%E5%85%AC%E9%96%8B%E6%97%A5) / [保存HTML] `runs/patchright/blobs/84f8c40d2f88410be9bd316e81e1c9b3f3f605d0bdce4f2e9a32551bc8a5489a` / [画面] `runs/patchright/patchright-ecosia-baseline-target-2-43.png` / SHA256 `84f8c40d2f88…` / [詳細JSON](results.json)
Swisscows (`swisscows`),B プロキシ・メタ検索型,robots非適用 / home=200 content_observed,200 content_observed,未観測,なし/未観測,応答あり・検索結果未確認 / 候補0件・公式未評価,保存HTMLのa要素と狭いタイトル／スニペット文脈。redirectはオフライン復元。最大10件。,[URL](https://swisscows.com/web?query=%E6%9D%B1%E4%BA%AC%E9%83%BD%E5%A4%A7%E7%94%B0%E5%8C%BA%20%E6%B1%A0%E4%B8%8A%E6%9C%AC%E9%96%80%E5%AF%BA%20%E6%9D%BE%E6%BF%A4%E5%9C%92%20%E5%85%AC%E9%96%8B%E6%97%A5) / [保存HTML] `runs/patchright/blobs/ae95d8ae26025b746102dd4d9d92bba275a8083ae9bb1fc90a2712a79ffe8e08` / [画面] `runs/patchright/patchright-swisscows-baseline-target-2-46.png` / SHA256 `ae95d8ae2602…` / [詳細JSON](results.json)
MetaGer (`metager`),B プロキシ・メタ検索型,robots非適用 / home=200 content_observed,200 content_observed,未観測,なし/未観測,応答あり・検索結果未確認 / 候補0件・公式未評価,保存HTMLのa要素と狭いタイトル／スニペット文脈。redirectはオフライン復元。最大10件。,[URL](https://metager.org/meta/meta.ger3?eingabe=%E6%9D%B1%E4%BA%AC%E9%83%BD%E5%A4%A7%E7%94%B0%E5%8C%BA%20%E6%B1%A0%E4%B8%8A%E6%9C%AC%E9%96%80%E5%AF%BA%20%E6%9D%BE%E6%BF%A4%E5%9C%92%20%E5%85%AC%E9%96%8B%E6%97%A5) / [保存HTML] `runs/patchright/blobs/687727558ac1c84e1f1832ca905633e5313a5438273ccc919a3b1962a8d07cd6` / [画面] `runs/patchright/patchright-metager-baseline-target-2-49.png` / SHA256 `687727558ac1…` / [詳細JSON](results.json)
SearXNG (`searxng`),B プロキシ・メタ検索型,robots非適用 / home=200 content_observed,未観測,未観測,なし/未観測,検索ルートなし・検索未実施 / 候補0件・公式未評価,保存HTMLのa要素と狭いタイトル／スニペット文脈。redirectはオフライン復元。最大10件。,[URL](https://searx.space/) / [保存HTML] `runs/patchright/blobs/d2b102cb1b2d050d6d54e49037f1136300e6137a0e3e93947676d5ecf634c578` / [画面] `runs/patchright/patchright-searxng-baseline-homepage-1-51.png` / SHA256 `d2b102cb1b2d…` / [詳細JSON](results.json)
4get (`fourget`),B プロキシ・メタ検索型,robots非適用 / home=200 content_observed,200 challenge_observed,検索段階で人間確認・Challenge,なし/未観測,検索段階で人間確認・Challenge / 候補0件・公式未評価,保存HTMLのa要素と狭いタイトル／スニペット文脈。redirectはオフライン復元。最大10件。,[URL](https://4get.ca/web?s=%E6%9D%B1%E4%BA%AC%E9%83%BD%E5%A4%A7%E7%94%B0%E5%8C%BA%20%E6%B1%A0%E4%B8%8A%E6%9C%AC%E9%96%80%E5%AF%BA%20%E6%9D%BE%E6%BF%A4%E5%9C%92%20%E5%85%AC%E9%96%8B%E6%97%A5) / [保存HTML] `runs/patchright/blobs/eeb7898be740622ad1db6647117f8eda910adffbdd163b9e6f16fb4fc5c5f714` / [画面] `runs/patchright/patchright-fourget-baseline-target-2-54.png` / SHA256 `eeb7898be740…` / [詳細JSON](results.json)
Disconnect Search (`disconnect`),B プロキシ・メタ検索型,robots非適用 / home=200 content_observed,404 response_observed,未観測,なし/未観測,HTTPエラー / 候補0件・公式未評価,保存HTMLのa要素と狭いタイトル／スニペット文脈。redirectはオフライン復元。最大10件。,[URL](https://search.disconnect.me/searchTerms/%E6%9D%B1%E4%BA%AC%E9%83%BD%E5%A4%A7%E7%94%B0%E5%8C%BA%20%E6%B1%A0%E4%B8%8A%E6%9C%AC%E9%96%80%E5%AF%BA%20%E6%9D%BE%E6%BF%A4%E5%9C%92%20%E5%85%AC%E9%96%8B%E6%97%A5) / [保存HTML] `runs/patchright/blobs/7ea0a72c0af3e7c4a48e4ebb4c7506f83339ff8178737cc857b8b6d013cfc32f` / [画面] `runs/patchright/patchright-disconnect-baseline-target-2-57.png` / SHA256 `7ea0a72c0af3…` / [詳細JSON](results.json)
Gibiru (`gibiru`),B プロキシ・メタ検索型,robots非適用 / home=200 content_observed,200 content_observed,未観測,なし/未観測,関連する外部結果候補を確認 / 候補10件・公式未評価,保存HTMLのa要素と狭いタイトル／スニペット文脈。redirectはオフライン復元。最大10件。,[URL](https://gibiru.com/results.html?q=%E6%9D%B1%E4%BA%AC%E9%83%BD%E5%A4%A7%E7%94%B0%E5%8C%BA%20%E6%B1%A0%E4%B8%8A%E6%9C%AC%E9%96%80%E5%AF%BA%20%E6%9D%BE%E6%BF%A4%E5%9C%92%20%E5%85%AC%E9%96%8B%E6%97%A5) / [保存HTML] `runs/patchright/blobs/088ae964c3a2e385300b3897db086f79570282d2cd287468dde1829bc62f3c43` / [画面] `runs/patchright/patchright-gibiru-baseline-target-2-60.png` / SHA256 `088ae964c3a2…` / [詳細JSON](results.json)
Lukol (`lukol`),B プロキシ・メタ検索型,robots非適用 / home=200 content_observed,200 content_observed,未観測,なし/未観測,関連する外部結果候補を確認 / 候補10件・公式未評価,保存HTMLのa要素と狭いタイトル／スニペット文脈。redirectはオフライン復元。最大10件。,[URL](https://lukol.com/s.php?q=%E6%9D%B1%E4%BA%AC%E9%83%BD%E5%A4%A7%E7%94%B0%E5%8C%BA%20%E6%B1%A0%E4%B8%8A%E6%9C%AC%E9%96%80%E5%AF%BA%20%E6%9D%BE%E6%BF%A4%E5%9C%92%20%E5%85%AC%E9%96%8B%E6%97%A5) / [保存HTML] `runs/patchright/blobs/b904c6579df39c63e3b741a7724f8bea9af42d9e49ad9cbd2ebdada2556cd4de` / [画面] `runs/patchright/patchright-lukol-baseline-target-2-63.png` / SHA256 `b904c6579df3…` / [詳細JSON](results.json)
OceanHero (`oceanhero`),B プロキシ・メタ検索型,robots非適用 / home=200 content_observed,200 content_observed,未観測,なし/未観測,応答あり・検索結果未確認 / 候補0件・公式未評価,保存HTMLのa要素と狭いタイトル／スニペット文脈。redirectはオフライン復元。最大10件。,[URL](https://oceanhero.today/search?q=%E6%9D%B1%E4%BA%AC%E9%83%BD%E5%A4%A7%E7%94%B0%E5%8C%BA%20%E6%B1%A0%E4%B8%8A%E6%9C%AC%E9%96%80%E5%AF%BA%20%E6%9D%BE%E6%BF%A4%E5%9C%92%20%E5%85%AC%E9%96%8B%E6%97%A5) / [保存HTML] `runs/patchright/blobs/a38e6cd27b7b76dd7258835d0980f91915bf2ad15adfe841fd994bd8c18d5904` / [画面] `runs/patchright/patchright-oceanhero-baseline-target-2-66.png` / SHA256 `a38e6cd27b7b…` / [詳細JSON](results.json)
YouCare (`youcare`),B プロキシ・メタ検索型,robots非適用 / home=200 content_observed,200 content_observed,未観測,homepage cloudflare:technology; target cloudflare:technology,応答あり・検索結果未確認 / 候補0件・公式未評価,保存HTMLのa要素と狭いタイトル／スニペット文脈。redirectはオフライン復元。最大10件。,[URL](https://youcare.world/search?q=%E6%9D%B1%E4%BA%AC%E9%83%BD%E5%A4%A7%E7%94%B0%E5%8C%BA%20%E6%B1%A0%E4%B8%8A%E6%9C%AC%E9%96%80%E5%AF%BA%20%E6%9D%BE%E6%BF%A4%E5%9C%92%20%E5%85%AC%E9%96%8B%E6%97%A5) / [保存HTML] `runs/patchright/blobs/9dc178190c2b79d106585ea98edf258dda9766707ae47ae389a8002a355de237` / [画面] `runs/patchright/patchright-youcare-baseline-target-2-69.png` / SHA256 `9dc178190c2b…` / [詳細JSON](results.json)
Yahoo! JAPAN (`yahoo-japan`),B プロキシ・メタ検索型,robots非適用 / home=200 content_observed,200 content_observed,未観測,なし/未観測,関連する外部結果候補を確認 / 候補9件・公式未評価,保存HTMLのa要素と狭いタイトル／スニペット文脈。redirectはオフライン復元。最大10件。,[URL](https://search.yahoo.co.jp/search?p=%E6%9D%B1%E4%BA%AC%E9%83%BD%E5%A4%A7%E7%94%B0%E5%8C%BA%20%E6%B1%A0%E4%B8%8A%E6%9C%AC%E9%96%80%E5%AF%BA%20%E6%9D%BE%E6%BF%A4%E5%9C%92%20%E5%85%AC%E9%96%8B%E6%97%A5) / [保存HTML] `runs/patchright/blobs/f04b40743ebe087b4a562347b25bd155566ad495c7c094222084e67e2ddb3a9e` / [画面] `runs/patchright/patchright-yahoo-japan-baseline-target-2-72.png` / SHA256 `f04b40743ebe…` / [詳細JSON](results.json)
goo (`goo`),B プロキシ・メタ検索型,robots非適用 / home=未観測 navigation_unverified,未観測,通信・遷移失敗,なし/未観測,通信・遷移失敗 / 候補0件・公式未評価,"{""name"": ""Error"", ""message"": ""page.goto: net::ERR_TUNNEL_CONNECTION_FAILED at https://search.goo.ne.jp/\nCall log:\n\u001b[2m - navigating to \""https://search.goo.ne.jp/\"", waiting until \""domcontentloaded\""\u001b[22m\n""}",[URL](https://search.goo.ne.jp/) / [保存HTML] `retries/patchright/goo/run/blobs/a33f33b3c5264f2b07ff4e8c2b82739d0c334aa176ba6a195bc991ff752f7184` / [画面] `retries/patchright/goo/run/patchright-goo-baseline-homepage-1-1.png` / SHA256 `a33f33b3c526…` / [詳細JSON](results.json)
Kagi (`kagi`),C サブスクリプション型,robots非適用 / home=200 content_observed,200 challenge_observed,検索段階で人間確認・Challenge,homepage turnstile:widget_or_library; target turnstile:widget_or_library,検索段階で人間確認・Challenge / 候補0件・公式未評価,保存HTMLのa要素と狭いタイトル／スニペット文脈。redirectはオフライン復元。最大10件。,[URL](https://kagi.com/search?q=%E6%9D%B1%E4%BA%AC%E9%83%BD%E5%A4%A7%E7%94%B0%E5%8C%BA%20%E6%B1%A0%E4%B8%8A%E6%9C%AC%E9%96%80%E5%AF%BA%20%E6%9D%BE%E6%BF%A4%E5%9C%92%20%E5%85%AC%E9%96%8B%E6%97%A5) / [保存HTML] `runs/patchright/blobs/ceccca7cdd0161588f0cf10e8d32296f130b566b6beb9f682aaafbc213523310` / [画面] `runs/patchright/patchright-kagi-baseline-target-2-77.png` / SHA256 `ceccca7cdd01…` / [詳細JSON](results.json)
Perplexity (`perplexity`),D AI回答エンジン,robots非適用 / home=200 content_observed,200 content_observed,未観測,homepage cloudflare:technology; target cloudflare:technology,応答あり・検索結果未確認 / 候補0件・公式未評価,保存HTMLのa要素と狭いタイトル／スニペット文脈。redirectはオフライン復元。最大10件。,[URL](https://www.perplexity.ai/search?q=%E6%9D%B1%E4%BA%AC%E9%83%BD%E5%A4%A7%E7%94%B0%E5%8C%BA%20%E6%B1%A0%E4%B8%8A%E6%9C%AC%E9%96%80%E5%AF%BA%20%E6%9D%BE%E6%BF%A4%E5%9C%92%20%E5%85%AC%E9%96%8B%E6%97%A5) / [保存HTML] `retries/patchright/perplexity/run/blobs/a6e25abdd0aac5dfcc46f9368461bbac85fde120588e74a15cf35567351857bb` / [画面] `retries/patchright/perplexity/run/patchright-perplexity-baseline-target-2-2.png` / SHA256 `a6e25abdd0aa…` / [詳細JSON](results.json)
Felo (`felo`),D AI回答エンジン,robots非適用 / home=200 content_observed,200 content_observed,検索段階で人間確認・Challenge,homepage cloudflare:technology; target cloudflare:technology; target turnstile:widget_or_library,検索段階で人間確認・Challenge / 候補0件・公式未評価,保存HTMLのa要素と狭いタイトル／スニペット文脈。redirectはオフライン復元。最大10件。,[URL](https://felo.ai/search?q=%E6%9D%B1%E4%BA%AC%E9%83%BD%E5%A4%A7%E7%94%B0%E5%8C%BA%20%E6%B1%A0%E4%B8%8A%E6%9C%AC%E9%96%80%E5%AF%BA%20%E6%9D%BE%E6%BF%A4%E5%9C%92%20%E5%85%AC%E9%96%8B%E6%97%A5) / [保存HTML] `runs/patchright/blobs/e4a72b7b5ca2281e1c939a4c1b91c09d69c53126d8a705a6c3ec82c20aae5466` / [画面] `runs/patchright/patchright-felo-baseline-target-2-83.png` / SHA256 `e4a72b7b5ca2…` / [詳細JSON](results.json)
Genspark (`genspark`),D AI回答エンジン,robots非適用 / home=200 content_observed,200 content_observed,未観測,homepage cloudflare:technology; target cloudflare:technology,応答あり・検索結果未確認 / 候補0件・公式未評価,保存HTMLのa要素と狭いタイトル／スニペット文脈。redirectはオフライン復元。最大10件。,[URL](https://www.genspark.ai/search?q=%E6%9D%B1%E4%BA%AC%E9%83%BD%E5%A4%A7%E7%94%B0%E5%8C%BA%20%E6%B1%A0%E4%B8%8A%E6%9C%AC%E9%96%80%E5%AF%BA%20%E6%9D%BE%E6%BF%A4%E5%9C%92%20%E5%85%AC%E9%96%8B%E6%97%A5) / [保存HTML] `retries/patchright/genspark/run/blobs/3d3b380e7c06a180fd7566dc7de8c35023817665d06399d21f5c8997ec609c96` / [画面] `retries/patchright/genspark/run/patchright-genspark-baseline-target-2-2.png` / SHA256 `3d3b380e7c06…` / [詳細JSON](results.json)
You.com (`you`),D AI回答エンジン,robots非適用 / home=200 content_observed,200 content_observed,未観測,homepage cloudflare:technology; target cloudflare:technology,応答あり・検索結果未確認 / 候補0件・公式未評価,保存HTMLのa要素と狭いタイトル／スニペット文脈。redirectはオフライン復元。最大10件。,[URL](https://you.com/search?q=%E6%9D%B1%E4%BA%AC%E9%83%BD%E5%A4%A7%E7%94%B0%E5%8C%BA%20%E6%B1%A0%E4%B8%8A%E6%9C%AC%E9%96%80%E5%AF%BA%20%E6%9D%BE%E6%BF%A4%E5%9C%92%20%E5%85%AC%E9%96%8B%E6%97%A5) / [保存HTML] `runs/patchright/blobs/d77ae78d6a0084476310c6546578b6a4d06d9b6df46c3f9c723edd287887eba1` / [画面] `runs/patchright/patchright-you-baseline-target-2-90.png` / SHA256 `d77ae78d6a00…` / [詳細JSON](results.json)
Phind (`phind`),D AI回答エンジン,robots非適用 / home=403 challenge_observed,未観測,検索前に人間確認・Challenge,homepage cloudflare:technology; homepage cloudflare:challenge; homepage turnstile:widget_or_library,検索前に人間確認・Challenge / 候補0件・公式未評価,保存HTMLのa要素と狭いタイトル／スニペット文脈。redirectはオフライン復元。最大10件。,[URL](https://www.phind.com/) / [保存HTML] `runs/patchright/blobs/4dabb33b4c5c9a2c0eabb5dca4fa5a439cdb62f8ffa65256f38deccf3e4e315e` / [画面] `runs/patchright/patchright-phind-baseline-homepage-1-92.png` / SHA256 `4dabb33b4c5c…` / [詳細JSON](results.json)
Bagoodex (`bagoodex`),D AI回答エンジン,robots非適用 / home=200 content_observed,200 content_observed,未観測,homepage cloudflare:technology; target cloudflare:technology,応答あり・検索結果未確認 / 候補0件・公式未評価,保存HTMLのa要素と狭いタイトル／スニペット文脈。redirectはオフライン復元。最大10件。,[URL](https://bagoodex.io/search?q=%E6%9D%B1%E4%BA%AC%E9%83%BD%E5%A4%A7%E7%94%B0%E5%8C%BA%20%E6%B1%A0%E4%B8%8A%E6%9C%AC%E9%96%80%E5%AF%BA%20%E6%9D%BE%E6%BF%A4%E5%9C%92%20%E5%85%AC%E9%96%8B%E6%97%A5) / [保存HTML] `runs/patchright/blobs/0880267cfdeedc9ccffa19c6b08e97028f6992b3e06dc0bd13eb08c06f054ae9` / [画面] `runs/patchright/patchright-bagoodex-baseline-target-2-95.png` / SHA256 `0880267cfdee…` / [詳細JSON](results.json)
Brave Search API (`brave-api`),E 検索API,robots非適用 / home=200 content_observed,未観測,未観測,homepage aws-cloudfront:technology,API検索ルートなし・検索未実施 / 候補0件・公式未評価,保存HTMLのa要素と狭いタイトル／スニペット文脈。redirectはオフライン復元。最大10件。,[URL](https://brave.com/search/api/) / [保存HTML] `runs/patchright/blobs/4c1b644d1236565cef8dcebc9c0497d52bc7252f0b8958c56682340ad01d8592` / [画面] `runs/patchright/patchright-brave-api-baseline-homepage-1-97.png` / SHA256 `4c1b644d1236…` / [詳細JSON](results.json)
SerpApi (`serpapi`),E 検索API,robots非適用 / home=200 content_observed,未観測,未観測,homepage cloudflare:technology; homepage recaptcha:widget_or_library,API検索ルートなし・検索未実施 / 候補0件・公式未評価,保存HTMLのa要素と狭いタイトル／スニペット文脈。redirectはオフライン復元。最大10件。,[URL](https://serpapi.com/) / [保存HTML] `runs/patchright/blobs/a1ef610bac32a9d895231455cc1923ef6ee7daaece45502de3d5fef49755b343` / [画面] `runs/patchright/patchright-serpapi-baseline-homepage-1-99.png` / SHA256 `a1ef610bac32…` / [詳細JSON](results.json)
DataForSEO (`dataforseo`),E 検索API,robots非適用 / home=200 content_observed,未観測,未観測,homepage cloudflare:technology,API検索ルートなし・検索未実施 / 候補0件・公式未評価,保存HTMLのa要素と狭いタイトル／スニペット文脈。redirectはオフライン復元。最大10件。,[URL](https://dataforseo.com/) / [保存HTML] `runs/patchright/blobs/6d7302d76ce25b66155d3215686dad8208db6e439486697d4a83da2d693ca6a3` / [画面] `runs/patchright/patchright-dataforseo-baseline-homepage-1-101.png` / SHA256 `6d7302d76ce2…` / [詳細JSON](results.json)
Firecrawl (`firecrawl`),E 検索API,robots非適用 / home=200 content_observed,未観測,未観測,なし/未観測,API検索ルートなし・検索未実施 / 候補0件・公式未評価,保存HTMLのa要素と狭いタイトル／スニペット文脈。redirectはオフライン復元。最大10件。,[URL](https://firecrawl.dev/) / [保存HTML] `runs/patchright/blobs/a5283ecdc30eaa4159dfa10fc68e1b47b2e9cd1e47114cb5609a5f8f241928fa` / [画面] `runs/patchright/patchright-firecrawl-baseline-homepage-1-103.png` / SHA256 `a5283ecdc30e…` / [詳細JSON](results.json)
Exa (`exa`),E 検索API,robots非適用 / home=200 content_observed,未観測,未観測,なし/未観測,API検索ルートなし・検索未実施 / 候補0件・公式未評価,保存HTMLのa要素と狭いタイトル／スニペット文脈。redirectはオフライン復元。最大10件。,[URL](https://exa.ai/) / [保存HTML] `runs/patchright/blobs/9b92e52ba58ea284c1b4364b9ae157deb736342cfabd5dd2c2ecb6e2daecc2c2` / [画面] `runs/patchright/patchright-exa-baseline-homepage-1-105.png` / SHA256 `9b92e52ba58e…` / [詳細JSON](results.json)
Tavily (`tavily`),E 検索API,robots非適用 / home=200 content_observed,未観測,未観測,homepage aws-cloudfront:technology,API検索ルートなし・検索未実施 / 候補0件・公式未評価,保存HTMLのa要素と狭いタイトル／スニペット文脈。redirectはオフライン復元。最大10件。,[URL](https://tavily.com/) / [保存HTML] `runs/patchright/blobs/2fd419d31483d5daa2392673a58c1001080aeaae16f6148155d0ad0dd7fbf513` / [画面] `runs/patchright/patchright-tavily-baseline-homepage-1-107.png` / SHA256 `2fd419d31483…` / [詳細JSON](results.json)
WolframAlpha (`wolframalpha`),F 専門・ニッチ,robots非適用 / home=200 content_observed,200 content_observed,未観測,なし/未観測,応答あり・JSシェル／読み込み画面 / 候補0件・公式未評価,保存HTMLのa要素と狭いタイトル／スニペット文脈。redirectはオフライン復元。最大10件。,[URL](https://www.wolframalpha.com/input?i=%E6%9D%B1%E4%BA%AC%E9%83%BD%E5%A4%A7%E7%94%B0%E5%8C%BA%20%E6%B1%A0%E4%B8%8A%E6%9C%AC%E9%96%80%E5%AF%BA%20%E6%9D%BE%E6%BF%A4%E5%9C%92%20%E5%85%AC%E9%96%8B%E6%97%A5) / [保存HTML] `runs/patchright/blobs/c4f63bd58494b5f5cdd1c34375ffe16ec51c30fe36cf5e7d23062c245a2915f3` / [画面] `runs/patchright/patchright-wolframalpha-baseline-target-2-110.png` / SHA256 `c4f63bd58494…` / [詳細JSON](results.json)
BASE (`base`),F 専門・ニッチ,robots非適用 / home=200 content_observed,未観測,未観測,なし/未観測,検索ルートなし・検索未実施 / 候補0件・公式未評価,保存HTMLのa要素と狭いタイトル／スニペット文脈。redirectはオフライン復元。最大10件。,[URL](https://www.base-search.net/) / [保存HTML] `runs/patchright/blobs/879bf14b485bdc0087413bc8ffdb617b8bde2b2536a3ba2f71ba48278136f584` / [画面] `runs/patchright/patchright-base-baseline-homepage-1-112.png` / SHA256 `879bf14b485b…` / [詳細JSON](results.json)
RefSeek (`refseek`),F 専門・ニッチ,robots非適用 / home=200 content_observed,200 content_observed,未観測,homepage cloudflare:technology; target cloudflare:technology,応答あり・検索結果未確認 / 候補0件・公式未評価,保存HTMLのa要素と狭いタイトル／スニペット文脈。redirectはオフライン復元。最大10件。,[URL](https://www.refseek.com/?q=%E6%9D%B1%E4%BA%AC%E9%83%BD%E5%A4%A7%E7%94%B0%E5%8C%BA%20%E6%B1%A0%E4%B8%8A%E6%9C%AC%E9%96%80%E5%AF%BA%20%E6%9D%BE%E6%BF%A4%E5%9C%92%20%E5%85%AC%E9%96%8B%E6%97%A5) / [保存HTML] `runs/patchright/blobs/49c3407ca195b618180fdd78f938b7b83aad67a755cc83df7968d6041c764a07` / [画面] `runs/patchright/patchright-refseek-baseline-target-2-115.png` / SHA256 `49c3407ca195…` / [詳細JSON](results.json)
Lenso.ai (`lenso`),F 専門・ニッチ,robots非適用 / home=200 content_observed,未観測,未観測,homepage cloudflare:technology,検索ルートなし・検索未実施 / 候補0件・公式未評価,保存HTMLのa要素と狭いタイトル／スニペット文脈。redirectはオフライン復元。最大10件。,[URL](https://lenso.ai/) / [保存HTML] `runs/patchright/blobs/fa1f89990e485300b0b283875be3a54eb3ed629399a7b393ffffd2d55729ba1f` / [画面] `runs/patchright/patchright-lenso-baseline-homepage-1-117.png` / SHA256 `fa1f89990e48…` / [詳細JSON](results.json)
Unsplash (`unsplash`),F 専門・ニッチ,robots非適用 / home=401 response_observed,未観測,検索前に人間確認・Challenge,なし/未観測,検索前に人間確認・Challenge / 候補0件・公式未評価,保存HTMLのa要素と狭いタイトル／スニペット文脈。redirectはオフライン復元。最大10件。,[URL](https://unsplash.com/) / [保存HTML] `runs/patchright/blobs/22886b9bca2ee5c71b684158ca65bdadb9c425414b4909f1de6d8f63fac3b9cf` / [画面] `runs/patchright/patchright-unsplash-baseline-homepage-1-119.png` / SHA256 `22886b9bca2e…` / [詳細JSON](results.json)
Kiddle (`kiddle`),F 専門・ニッチ,robots非適用 / home=200 content_observed,200 content_observed,未観測,なし/未観測,関連する外部結果候補を確認 / 候補1件・公式未評価,保存HTMLのa要素と狭いタイトル／スニペット文脈。redirectはオフライン復元。最大10件。,[URL](https://www.kiddle.co/s.php?q=%E6%9D%B1%E4%BA%AC%E9%83%BD%E5%A4%A7%E7%94%B0%E5%8C%BA%20%E6%B1%A0%E4%B8%8A%E6%9C%AC%E9%96%80%E5%AF%BA%20%E6%9D%BE%E6%BF%A4%E5%9C%92%20%E5%85%AC%E9%96%8B%E6%97%A5) / [保存HTML] `runs/patchright/blobs/80a80e56213a17acc9fbe4047a568d0e75531679097fc6bdb651acc0edcd2542` / [画面] `runs/patchright/patchright-kiddle-baseline-target-2-122.png` / SHA256 `80a80e56213a…` / [詳細JSON](results.json)
Wacky Safe (`wacky-safe`),F 専門・ニッチ,robots非適用 / home=200 content_observed,200 content_observed,未観測,なし/未観測,応答あり・検索結果未確認 / 候補0件・公式未評価,保存HTMLのa要素と狭いタイトル／スニペット文脈。redirectはオフライン復元。最大10件。,[URL](https://wackysafe.com/search?q=%E6%9D%B1%E4%BA%AC%E9%83%BD%E5%A4%A7%E7%94%B0%E5%8C%BA%20%E6%B1%A0%E4%B8%8A%E6%9C%AC%E9%96%80%E5%AF%BA%20%E6%9D%BE%E6%BF%A4%E5%9C%92%20%E5%85%AC%E9%96%8B%E6%97%A5) / [保存HTML] `runs/patchright/blobs/35f8cc7326f2b3b1c457eb0165d1923dcca26feb03d901abceea7f4d06604cc9` / [画面] `runs/patchright/patchright-wacky-safe-baseline-target-2-125.png` / SHA256 `35f8cc7326f2…` / [詳細JSON](results.json)
OneSearch (`onesearch`),追加検索サービス,robots非適用 / home=200 content_observed,200 content_observed,未観測,なし/未観測,別サービスへ転送・元サービス検索未確認 / 候補0件・公式未評価,保存HTMLのa要素と狭いタイトル／スニペット文脈。redirectはオフライン復元。最大10件。,[URL](https://www.onesearch.com/yhs/search?hspart=OneSearch&hsimp=yhs-001&p=%E6%9D%B1%E4%BA%AC%E9%83%BD%E5%A4%A7%E7%94%B0%E5%8C%BA%20%E6%B1%A0%E4%B8%8A%E6%9C%AC%E9%96%80%E5%AF%BA%20%E6%9D%BE%E6%BF%A4%E5%9C%92%20%E5%85%AC%E9%96%8B%E6%97%A5) / [保存HTML] `runs/patchright/blobs/0bd8f73f71674d29916bd64e96298d9e6a1f65ede663aa7d07442007b130c689` / [画面] `runs/patchright/patchright-onesearch-baseline-target-2-128.png` / SHA256 `0bd8f73f7167…` / [詳細JSON](results.json)
Peekier (`peekier`),追加検索サービス,robots非適用 / home=200 content_observed,200 content_observed,未観測,homepage turnstile:widget_or_library; target turnstile:widget_or_library,別サービスへ転送・元サービス検索未確認 / 候補0件・公式未評価,保存HTMLのa要素と狭いタイトル／スニペット文脈。redirectはオフライン復元。最大10件。,[URL](https://peekier.com/search?q=%E6%9D%B1%E4%BA%AC%E9%83%BD%E5%A4%A7%E7%94%B0%E5%8C%BA%20%E6%B1%A0%E4%B8%8A%E6%9C%AC%E9%96%80%E5%AF%BA%20%E6%9D%BE%E6%BF%A4%E5%9C%92%20%E5%85%AC%E9%96%8B%E6%97%A5) / [保存HTML] `runs/patchright/blobs/8b0b8c5ea6605ba0836dedf8df13abb310321c152c8cc49d9b52859a3c1711ef` / [画面] `runs/patchright/patchright-peekier-baseline-target-2-131.png` / SHA256 `8b0b8c5ea660…` / [詳細JSON](results.json)
Yahoo!きっず (`yahoo-kids`),追加検索サービス,robots非適用 / home=200 content_observed,200 content_observed,未観測,なし/未観測,関連する外部結果候補を確認 / 候補10件・公式未評価,保存HTMLのa要素と狭いタイトル／スニペット文脈。redirectはオフライン復元。最大10件。,[URL](https://kids.yahoo.co.jp/search?p=%E6%9D%B1%E4%BA%AC%E9%83%BD%E5%A4%A7%E7%94%B0%E5%8C%BA%20%E6%B1%A0%E4%B8%8A%E6%9C%AC%E9%96%80%E5%AF%BA%20%E6%9D%BE%E6%BF%A4%E5%9C%92%20%E5%85%AC%E9%96%8B%E6%97%A5) / [保存HTML] `runs/patchright/blobs/35c4b1c5bc5a02f233db2f5b5206430a79f5cb00f9955f70f011974510ebcb9e` / [画面] `runs/patchright/patchright-yahoo-kids-baseline-target-2-134.png` / SHA256 `35c4b1c5bc5a…` / [詳細JSON](results.json)
