pair_id,rakuten_product_id,rakuten_sku_id,rakuten_product_name,rakuten_price,rakuten_price_basis,rakuten_url,au_product_id,au_sku_id,au_product_name,au_price,au_price_basis,au_url
observed-ct0-au-original-only,ct0,CT02200BE,【最大2000円OFFクーポン配布】カーテン 遮光 1級 2級 遮光カーテン 遮光率99.99% 幅100cm 幅150cm レースカーテンセット カーテンセット タッセル付き UVカット 厚手 断熱 遮熱 省エネ シンプル 無地 洗える ウォッシャブル ドレープカーテン おしゃれ / 150×200cm / ベージュ / あり,3880,observed_per_sku_taxIncludedPrice_excludes_delivery_coupon,https://item.rakuten.co.jp/weimall/ct0/,704502086,331810175:row=0:col=16,＼ランキング1位／【選べる17サイズ】 カーテン 4枚セット 遮光 レースカーテンセット 1級 三層構造 形状記憶 遮熱 遮像 防寒 洗える 遮光カーテン UVカット 幅100 幅150 4枚 2枚 カーテンセット カーテン4枚組 ミラーレース 厚手 省エネ 防音 無地 送料無料 / 幅150×丈200cm(2枚組) / ベージュ,3980,observed_product_currentPrice_excludes_delivery_surcharge,https://wowma.jp/item/704502086
observed-ct0-au-original-only,ct0,CT01185GR,【最大2000円OFFクーポン配布】カーテン 遮光 1級 2級 遮光カーテン 遮光率99.99% 幅100cm 幅150cm レースカーテンセット カーテンセット タッセル付き UVカット 厚手 断熱 遮熱 省エネ シンプル 無地 洗える ウォッシャブル ドレープカーテン おしゃれ / 100×185cm / ユーカリグリーン / あり,3980,observed_per_sku_taxIncludedPrice_excludes_delivery_coupon,https://item.rakuten.co.jp/weimall/ct0/,704502086,331810175:row=5:col=8,＼ランキング1位／【選べる17サイズ】 カーテン 4枚セット 遮光 レースカーテンセット 1級 三層構造 形状記憶 遮熱 遮像 防寒 洗える 遮光カーテン UVカット 幅100 幅150 4枚 2枚 カーテンセット カーテン4枚組 ミラーレース 厚手 省エネ 防音 無地 送料無料 / 幅100×丈185cm(4枚組) / ユーカリグリーン,3980,observed_product_currentPrice_excludes_delivery_surcharge,https://wowma.jp/item/704502086
observed-ct0-au-original-only,ct0,CT01220CG,【最大2000円OFFクーポン配布】カーテン 遮光 1級 2級 遮光カーテン 遮光率99.99% 幅100cm 幅150cm レースカーテンセット カーテンセット タッセル付き UVカット 厚手 断熱 遮熱 省エネ シンプル 無地 洗える ウォッシャブル ドレープカーテン おしゃれ / 100×220cm / アイスグレー / あり,4580,observed_per_sku_taxIncludedPrice_excludes_delivery_coupon,https://item.rakuten.co.jp/weimall/ct0/,704502086,331810175:row=1:col=12,＼ランキング1位／【選べる17サイズ】 カーテン 4枚セット 遮光 レースカーテンセット 1級 三層構造 形状記憶 遮熱 遮像 防寒 洗える 遮光カーテン UVカット 幅100 幅150 4枚 2枚 カーテンセット カーテン4枚組 ミラーレース 厚手 省エネ 防音 無地 送料無料 / 幅100×丈220cm(4枚組) / アイスグレー,3980,observed_product_currentPrice_excludes_delivery_surcharge,https://wowma.jp/item/704502086
observed-ct0-au-original-only,ct0,CT02200SB,【最大2000円OFFクーポン配布】カーテン 遮光 1級 2級 遮光カーテン 遮光率99.99% 幅100cm 幅150cm レースカーテンセット カーテンセット タッセル付き UVカット 厚手 断熱 遮熱 省エネ シンプル 無地 洗える ウォッシャブル ドレープカーテン おしゃれ / 150×200cm / サンドベージュ / あり,3880,observed_per_sku_taxIncludedPrice_excludes_delivery_coupon,https://item.rakuten.co.jp/weimall/ct0/,704502086,331810175:row=4:col=16,＼ランキング1位／【選べる17サイズ】 カーテン 4枚セット 遮光 レースカーテンセット 1級 三層構造 形状記憶 遮熱 遮像 防寒 洗える 遮光カーテン UVカット 幅100 幅150 4枚 2枚 カーテンセット カーテン4枚組 ミラーレース 厚手 省エネ 防音 無地 送料無料 / 幅150×丈200cm(2枚組) / サンドベージュ,3980,observed_product_currentPrice_excludes_delivery_surcharge,https://wowma.jp/item/704502086
observed-ct0-au-original-only,ct0,CT01185GY,【最大2000円OFFクーポン配布】カーテン 遮光 1級 2級 遮光カーテン 遮光率99.99% 幅100cm 幅150cm レースカーテンセット カーテンセット タッセル付き UVカット 厚手 断熱 遮熱 省エネ シンプル 無地 洗える ウォッシャブル ドレープカーテン おしゃれ / 100×185cm / ライトグレー / あり,3980,observed_per_sku_taxIncludedPrice_excludes_delivery_coupon,https://item.rakuten.co.jp/weimall/ct0/,704502086,331810175:row=2:col=8,＼ランキング1位／【選べる17サイズ】 カーテン 4枚セット 遮光 レースカーテンセット 1級 三層構造 形状記憶 遮熱 遮像 防寒 洗える 遮光カーテン UVカット 幅100 幅150 4枚 2枚 カーテンセット カーテン4枚組 ミラーレース 厚手 省エネ 防音 無地 送料無料 / 幅100×丈185cm(4枚組) / ライトグレー,3980,observed_product_currentPrice_excludes_delivery_surcharge,https://wowma.jp/item/704502086
observed-ct0-au-original-only,ct0,CT02200BR,【最大2000円OFFクーポン配布】カーテン 遮光 1級 2級 遮光カーテン 遮光率99.99% 幅100cm 幅150cm レースカーテンセット カーテンセット タッセル付き UVカット 厚手 断熱 遮熱 省エネ シンプル 無地 洗える ウォッシャブル ドレープカーテン おしゃれ / 150×200cm / カフェブラウン / あり,3880,observed_per_sku_taxIncludedPrice_excludes_delivery_coupon,https://item.rakuten.co.jp/weimall/ct0/,704502086,331810175:row=8:col=16,＼ランキング1位／【選べる17サイズ】 カーテン 4枚セット 遮光 レースカーテンセット 1級 三層構造 形状記憶 遮熱 遮像 防寒 洗える 遮光カーテン UVカット 幅100 幅150 4枚 2枚 カーテンセット カーテン4枚組 ミラーレース 厚手 省エネ 防音 無地 送料無料 / 幅150×丈200cm(2枚組) / カフェブラウン,3980,observed_product_currentPrice_excludes_delivery_surcharge,https://wowma.jp/item/704502086
observed-ct0-au-original-only,ct0,CT01105NV,【最大2000円OFFクーポン配布】カーテン 遮光 1級 2級 遮光カーテン 遮光率99.99% 幅100cm 幅150cm レースカーテンセット カーテンセット タッセル付き UVカット 厚手 断熱 遮熱 省エネ シンプル 無地 洗える ウォッシャブル ドレープカーテン おしゃれ / 100×105cm / ノクターンネイビー / あり,2980,observed_per_sku_taxIncludedPrice_excludes_delivery_coupon,https://item.rakuten.co.jp/weimall/ct0/,704502086,331810175:row=6:col=2,＼ランキング1位／【選べる17サイズ】 カーテン 4枚セット 遮光 レースカーテンセット 1級 三層構造 形状記憶 遮熱 遮像 防寒 洗える 遮光カーテン UVカット 幅100 幅150 4枚 2枚 カーテンセット カーテン4枚組 ミラーレース 厚手 省エネ 防音 無地 送料無料 / 幅100×丈105cm(4枚組) / ノクターンネイビー,3980,observed_product_currentPrice_excludes_delivery_surcharge,https://wowma.jp/item/704502086
observed-ct0-au-original-only,ct0,CT02200SG,【最大2000円OFFクーポン配布】カーテン 遮光 1級 2級 遮光カーテン 遮光率99.99% 幅100cm 幅150cm レースカーテンセット カーテンセット タッセル付き UVカット 厚手 断熱 遮熱 省エネ シンプル 無地 洗える ウォッシャブル ドレープカーテン おしゃれ / 150×200cm / スモークグレー / あり,3880,observed_per_sku_taxIncludedPrice_excludes_delivery_coupon,https://item.rakuten.co.jp/weimall/ct0/,704502086,331810175:row=3:col=16,＼ランキング1位／【選べる17サイズ】 カーテン 4枚セット 遮光 レースカーテンセット 1級 三層構造 形状記憶 遮熱 遮像 防寒 洗える 遮光カーテン UVカット 幅100 幅150 4枚 2枚 カーテンセット カーテン4枚組 ミラーレース 厚手 省エネ 防音 無地 送料無料 / 幅150×丈200cm(2枚組) / スモークグレー,3980,observed_product_currentPrice_excludes_delivery_surcharge,https://wowma.jp/item/704502086
observed-ct0-au-original-only,ct0,CT01120NV,【最大2000円OFFクーポン配布】カーテン 遮光 1級 2級 遮光カーテン 遮光率99.99% 幅100cm 幅150cm レースカーテンセット カーテンセット タッセル付き UVカット 厚手 断熱 遮熱 省エネ シンプル 無地 洗える ウォッシャブル ドレープカーテン おしゃれ / 100×120cm / ノクターンネイビー / あり,3280,observed_per_sku_taxIncludedPrice_excludes_delivery_coupon,https://item.rakuten.co.jp/weimall/ct0/,704502086,331810175:row=6:col=4,＼ランキング1位／【選べる17サイズ】 カーテン 4枚セット 遮光 レースカーテンセット 1級 三層構造 形状記憶 遮熱 遮像 防寒 洗える 遮光カーテン UVカット 幅100 幅150 4枚 2枚 カーテンセット カーテン4枚組 ミラーレース 厚手 省エネ 防音 無地 送料無料 / 幅100×丈120cm(4枚組) / ノクターンネイビー,3980,observed_product_currentPrice_excludes_delivery_surcharge,https://wowma.jp/item/704502086
observed-ct0-au-original-only,ct0,CT02135NV,【最大2000円OFFクーポン配布】カーテン 遮光 1級 2級 遮光カーテン 遮光率99.99% 幅100cm 幅150cm レースカーテンセット カーテンセット タッセル付き UVカット 厚手 断熱 遮熱 省エネ シンプル 無地 洗える ウォッシャブル ドレープカーテン おしゃれ / 150×135cm / ノクターンネイビー / あり,3480,observed_per_sku_taxIncludedPrice_excludes_delivery_coupon,https://item.rakuten.co.jp/weimall/ct0/,704502086,331810175:row=6:col=14,＼ランキング1位／【選べる17サイズ】 カーテン 4枚セット 遮光 レースカーテンセット 1級 三層構造 形状記憶 遮熱 遮像 防寒 洗える 遮光カーテン UVカット 幅100 幅150 4枚 2枚 カーテンセット カーテン4枚組 ミラーレース 厚手 省エネ 防音 無地 送料無料 / 幅150×丈135cm(2枚組) / ノクターンネイビー,3980,observed_product_currentPrice_excludes_delivery_surcharge,https://wowma.jp/item/704502086
observed-ct0-au-original-only,ct0,CT01220SB,【最大2000円OFFクーポン配布】カーテン 遮光 1級 2級 遮光カーテン 遮光率99.99% 幅100cm 幅150cm レースカーテンセット カーテンセット タッセル付き UVカット 厚手 断熱 遮熱 省エネ シンプル 無地 洗える ウォッシャブル ドレープカーテン おしゃれ / 100×220cm / サンドベージュ / あり,4580,observed_per_sku_taxIncludedPrice_excludes_delivery_coupon,https://item.rakuten.co.jp/weimall/ct0/,704502086,331810175:row=4:col=12,＼ランキング1位／【選べる17サイズ】 カーテン 4枚セット 遮光 レースカーテンセット 1級 三層構造 形状記憶 遮熱 遮像 防寒 洗える 遮光カーテン UVカット 幅100 幅150 4枚 2枚 カーテンセット カーテン4枚組 ミラーレース 厚手 省エネ 防音 無地 送料無料 / 幅100×丈220cm(4枚組) / サンドベージュ,3980,observed_product_currentPrice_excludes_delivery_surcharge,https://wowma.jp/item/704502086
observed-ct0-au-original-only,ct0,CT01220BR,【最大2000円OFFクーポン配布】カーテン 遮光 1級 2級 遮光カーテン 遮光率99.99% 幅100cm 幅150cm レースカーテンセット カーテンセット タッセル付き UVカット 厚手 断熱 遮熱 省エネ シンプル 無地 洗える ウォッシャブル ドレープカーテン おしゃれ / 100×220cm / カフェブラウン / あり,4580,observed_per_sku_taxIncludedPrice_excludes_delivery_coupon,https://item.rakuten.co.jp/weimall/ct0/,704502086,331810175:row=8:col=12,＼ランキング1位／【選べる17サイズ】 カーテン 4枚セット 遮光 レースカーテンセット 1級 三層構造 形状記憶 遮熱 遮像 防寒 洗える 遮光カーテン UVカット 幅100 幅150 4枚 2枚 カーテンセット カーテン4枚組 ミラーレース 厚手 省エネ 防音 無地 送料無料 / 幅100×丈220cm(4枚組) / カフェブラウン,3980,observed_product_currentPrice_excludes_delivery_surcharge,https://wowma.jp/item/704502086
observed-ct0-au-original-only,ct0,CT01220BK,【最大2000円OFFクーポン配布】カーテン 遮光 1級 2級 遮光カーテン 遮光率99.99% 幅100cm 幅150cm レースカーテンセット カーテンセット タッセル付き UVカット 厚手 断熱 遮熱 省エネ シンプル 無地 洗える ウォッシャブル ドレープカーテン おしゃれ / 100×220cm / コールブラック / あり,4580,observed_per_sku_taxIncludedPrice_excludes_delivery_coupon,https://item.rakuten.co.jp/weimall/ct0/,704502086,331810175:row=7:col=12,＼ランキング1位／【選べる17サイズ】 カーテン 4枚セット 遮光 レースカーテンセット 1級 三層構造 形状記憶 遮熱 遮像 防寒 洗える 遮光カーテン UVカット 幅100 幅150 4枚 2枚 カーテンセット カーテン4枚組 ミラーレース 厚手 省エネ 防音 無地 送料無料 / 幅100×丈220cm(4枚組) / コールブラック,3980,observed_product_currentPrice_excludes_delivery_surcharge,https://wowma.jp/item/704502086
observed-ct0-au-original-only,ct0,CT01220BE,【最大2000円OFFクーポン配布】カーテン 遮光 1級 2級 遮光カーテン 遮光率99.99% 幅100cm 幅150cm レースカーテンセット カーテンセット タッセル付き UVカット 厚手 断熱 遮熱 省エネ シンプル 無地 洗える ウォッシャブル ドレープカーテン おしゃれ / 100×220cm / ベージュ / あり,4580,observed_per_sku_taxIncludedPrice_excludes_delivery_coupon,https://item.rakuten.co.jp/weimall/ct0/,704502086,331810175:row=0:col=12,＼ランキング1位／【選べる17サイズ】 カーテン 4枚セット 遮光 レースカーテンセット 1級 三層構造 形状記憶 遮熱 遮像 防寒 洗える 遮光カーテン UVカット 幅100 幅150 4枚 2枚 カーテンセット カーテン4枚組 ミラーレース 厚手 省エネ 防音 無地 送料無料 / 幅100×丈220cm(4枚組) / ベージュ,3980,observed_product_currentPrice_excludes_delivery_surcharge,https://wowma.jp/item/704502086
observed-ct0-au-original-only,ct0,CT01110SG,【最大2000円OFFクーポン配布】カーテン 遮光 1級 2級 遮光カーテン 遮光率99.99% 幅100cm 幅150cm レースカーテンセット カーテンセット タッセル付き UVカット 厚手 断熱 遮熱 省エネ シンプル 無地 洗える ウォッシャブル ドレープカーテン おしゃれ / 100×110cm / スモークグレー / あり,3180,observed_per_sku_taxIncludedPrice_excludes_delivery_coupon,https://item.rakuten.co.jp/weimall/ct0/,704502086,331810175:row=3:col=3,＼ランキング1位／【選べる17サイズ】 カーテン 4枚セット 遮光 レースカーテンセット 1級 三層構造 形状記憶 遮熱 遮像 防寒 洗える 遮光カーテン UVカット 幅100 幅150 4枚 2枚 カーテンセット カーテン4枚組 ミラーレース 厚手 省エネ 防音 無地 送料無料 / 幅100×丈110cm(4枚組) / スモークグレー,3980,observed_product_currentPrice_excludes_delivery_surcharge,https://wowma.jp/item/704502086
observed-ct0-au-original-only,ct0,CT01110SB,【最大2000円OFFクーポン配布】カーテン 遮光 1級 2級 遮光カーテン 遮光率99.99% 幅100cm 幅150cm レースカーテンセット カーテンセット タッセル付き UVカット 厚手 断熱 遮熱 省エネ シンプル 無地 洗える ウォッシャブル ドレープカーテン おしゃれ / 100×110cm / サンドベージュ / あり,3180,observed_per_sku_taxIncludedPrice_excludes_delivery_coupon,https://item.rakuten.co.jp/weimall/ct0/,704502086,331810175:row=4:col=3,＼ランキング1位／【選べる17サイズ】 カーテン 4枚セット 遮光 レースカーテンセット 1級 三層構造 形状記憶 遮熱 遮像 防寒 洗える 遮光カーテン UVカット 幅100 幅150 4枚 2枚 カーテンセット カーテン4枚組 ミラーレース 厚手 省エネ 防音 無地 送料無料 / 幅100×丈110cm(4枚組) / サンドベージュ,3980,observed_product_currentPrice_excludes_delivery_surcharge,https://wowma.jp/item/704502086
observed-ct0-au-original-only,ct0,CT01110BR,【最大2000円OFFクーポン配布】カーテン 遮光 1級 2級 遮光カーテン 遮光率99.99% 幅100cm 幅150cm レースカーテンセット カーテンセット タッセル付き UVカット 厚手 断熱 遮熱 省エネ シンプル 無地 洗える ウォッシャブル ドレープカーテン おしゃれ / 100×110cm / カフェブラウン / あり,3180,observed_per_sku_taxIncludedPrice_excludes_delivery_coupon,https://item.rakuten.co.jp/weimall/ct0/,704502086,331810175:row=8:col=3,＼ランキング1位／【選べる17サイズ】 カーテン 4枚セット 遮光 レースカーテンセット 1級 三層構造 形状記憶 遮熱 遮像 防寒 洗える 遮光カーテン UVカット 幅100 幅150 4枚 2枚 カーテンセット カーテン4枚組 ミラーレース 厚手 省エネ 防音 無地 送料無料 / 幅100×丈110cm(4枚組) / カフェブラウン,3980,observed_product_currentPrice_excludes_delivery_surcharge,https://wowma.jp/item/704502086
observed-ct0-au-original-only,ct0,CT01110BK,【最大2000円OFFクーポン配布】カーテン 遮光 1級 2級 遮光カーテン 遮光率99.99% 幅100cm 幅150cm レースカーテンセット カーテンセット タッセル付き UVカット 厚手 断熱 遮熱 省エネ シンプル 無地 洗える ウォッシャブル ドレープカーテン おしゃれ / 100×110cm / コールブラック / あり,3180,observed_per_sku_taxIncludedPrice_excludes_delivery_coupon,https://item.rakuten.co.jp/weimall/ct0/,704502086,331810175:row=7:col=3,＼ランキング1位／【選べる17サイズ】 カーテン 4枚セット 遮光 レースカーテンセット 1級 三層構造 形状記憶 遮熱 遮像 防寒 洗える 遮光カーテン UVカット 幅100 幅150 4枚 2枚 カーテンセット カーテン4枚組 ミラーレース 厚手 省エネ 防音 無地 送料無料 / 幅100×丈110cm(4枚組) / コールブラック,3980,observed_product_currentPrice_excludes_delivery_surcharge,https://wowma.jp/item/704502086
observed-ct0-au-original-only,ct0,CT01110BE,【最大2000円OFFクーポン配布】カーテン 遮光 1級 2級 遮光カーテン 遮光率99.99% 幅100cm 幅150cm レースカーテンセット カーテンセット タッセル付き UVカット 厚手 断熱 遮熱 省エネ シンプル 無地 洗える ウォッシャブル ドレープカーテン おしゃれ / 100×110cm / ベージュ / あり,3180,observed_per_sku_taxIncludedPrice_excludes_delivery_coupon,https://item.rakuten.co.jp/weimall/ct0/,704502086,331810175:row=0:col=3,＼ランキング1位／【選べる17サイズ】 カーテン 4枚セット 遮光 レースカーテンセット 1級 三層構造 形状記憶 遮熱 遮像 防寒 洗える 遮光カーテン UVカット 幅100 幅150 4枚 2枚 カーテンセット カーテン4枚組 ミラーレース 厚手 省エネ 防音 無地 送料無料 / 幅100×丈110cm(4枚組) / ベージュ,3980,observed_product_currentPrice_excludes_delivery_surcharge,https://wowma.jp/item/704502086
observed-ct0-au-original-only,ct0,CT01220SG,【最大2000円OFFクーポン配布】カーテン 遮光 1級 2級 遮光カーテン 遮光率99.99% 幅100cm 幅150cm レースカーテンセット カーテンセット タッセル付き UVカット 厚手 断熱 遮熱 省エネ シンプル 無地 洗える ウォッシャブル ドレープカーテン おしゃれ / 100×220cm / スモークグレー / あり,4580,observed_per_sku_taxIncludedPrice_excludes_delivery_coupon,https://item.rakuten.co.jp/weimall/ct0/,704502086,331810175:row=3:col=12,＼ランキング1位／【選べる17サイズ】 カーテン 4枚セット 遮光 レースカーテンセット 1級 三層構造 形状記憶 遮熱 遮像 防寒 洗える 遮光カーテン UVカット 幅100 幅150 4枚 2枚 カーテンセット カーテン4枚組 ミラーレース 厚手 省エネ 防音 無地 送料無料 / 幅100×丈220cm(4枚組) / スモークグレー,3980,observed_product_currentPrice_excludes_delivery_surcharge,https://wowma.jp/item/704502086
observed-ct0-au-original-only,ct0,CT01200GR,【最大2000円OFFクーポン配布】カーテン 遮光 1級 2級 遮光カーテン 遮光率99.99% 幅100cm 幅150cm レースカーテンセット カーテンセット タッセル付き UVカット 厚手 断熱 遮熱 省エネ シンプル 無地 洗える ウォッシャブル ドレープカーテン おしゃれ / 100×200cm / ユーカリグリーン / あり,4280,observed_per_sku_taxIncludedPrice_excludes_delivery_coupon,https://item.rakuten.co.jp/weimall/ct0/,704502086,331810175:row=5:col=10,＼ランキング1位／【選べる17サイズ】 カーテン 4枚セット 遮光 レースカーテンセット 1級 三層構造 形状記憶 遮熱 遮像 防寒 洗える 遮光カーテン UVカット 幅100 幅150 4枚 2枚 カーテンセット カーテン4枚組 ミラーレース 厚手 省エネ 防音 無地 送料無料 / 幅100×丈200cm(4枚組) / ユーカリグリーン,3980,observed_product_currentPrice_excludes_delivery_surcharge,https://wowma.jp/item/704502086
observed-ct0-au-original-only,ct0,CT0180BE,【最大2000円OFFクーポン配布】カーテン 遮光 1級 2級 遮光カーテン 遮光率99.99% 幅100cm 幅150cm レースカーテンセット カーテンセット タッセル付き UVカット 厚手 断熱 遮熱 省エネ シンプル 無地 洗える ウォッシャブル ドレープカーテン おしゃれ / 100×80cm / ベージュ / あり,2780,observed_per_sku_taxIncludedPrice_excludes_delivery_coupon,https://item.rakuten.co.jp/weimall/ct0/,704502086,331810175:row=0:col=0,＼ランキング1位／【選べる17サイズ】 カーテン 4枚セット 遮光 レースカーテンセット 1級 三層構造 形状記憶 遮熱 遮像 防寒 洗える 遮光カーテン UVカット 幅100 幅150 4枚 2枚 カーテンセット カーテン4枚組 ミラーレース 厚手 省エネ 防音 無地 送料無料 / 幅100×丈80cm(4枚組) / ベージュ,3980,observed_product_currentPrice_excludes_delivery_surcharge,https://wowma.jp/item/704502086
observed-ct0-au-original-only,ct0,CT01178NV,【最大2000円OFFクーポン配布】カーテン 遮光 1級 2級 遮光カーテン 遮光率99.99% 幅100cm 幅150cm レースカーテンセット カーテンセット タッセル付き UVカット 厚手 断熱 遮熱 省エネ シンプル 無地 洗える ウォッシャブル ドレープカーテン おしゃれ / 100×178cm / ノクターンネイビー / あり,3780,observed_per_sku_taxIncludedPrice_excludes_delivery_coupon,https://item.rakuten.co.jp/weimall/ct0/,704502086,331810175:row=6:col=7,＼ランキング1位／【選べる17サイズ】 カーテン 4枚セット 遮光 レースカーテンセット 1級 三層構造 形状記憶 遮熱 遮像 防寒 洗える 遮光カーテン UVカット 幅100 幅150 4枚 2枚 カーテンセット カーテン4枚組 ミラーレース 厚手 省エネ 防音 無地 送料無料 / 幅100×丈178cm(4枚組) / ノクターンネイビー,3980,observed_product_currentPrice_excludes_delivery_surcharge,https://wowma.jp/item/704502086
observed-ct0-au-original-only,ct0,CT01230NV,【最大2000円OFFクーポン配布】カーテン 遮光 1級 2級 遮光カーテン 遮光率99.99% 幅100cm 幅150cm レースカーテンセット カーテンセット タッセル付き UVカット 厚手 断熱 遮熱 省エネ シンプル 無地 洗える ウォッシャブル ドレープカーテン おしゃれ / 100×230cm / ノクターンネイビー / あり,4680,observed_per_sku_taxIncludedPrice_excludes_delivery_coupon,https://item.rakuten.co.jp/weimall/ct0/,704502086,331810175:row=6:col=13,＼ランキング1位／【選べる17サイズ】 カーテン 4枚セット 遮光 レースカーテンセット 1級 三層構造 形状記憶 遮熱 遮像 防寒 洗える 遮光カーテン UVカット 幅100 幅150 4枚 2枚 カーテンセット カーテン4枚組 ミラーレース 厚手 省エネ 防音 無地 送料無料 / 幅100×丈230cm(4枚組) / ノクターンネイビー,3980,observed_product_currentPrice_excludes_delivery_surcharge,https://wowma.jp/item/704502086
observed-ct0-au-original-only,ct0,CT0180SG,【最大2000円OFFクーポン配布】カーテン 遮光 1級 2級 遮光カーテン 遮光率99.99% 幅100cm 幅150cm レースカーテンセット カーテンセット タッセル付き UVカット 厚手 断熱 遮熱 省エネ シンプル 無地 洗える ウォッシャブル ドレープカーテン おしゃれ / 100×80cm / スモークグレー / あり,2780,observed_per_sku_taxIncludedPrice_excludes_delivery_coupon,https://item.rakuten.co.jp/weimall/ct0/,704502086,331810175:row=3:col=0,＼ランキング1位／【選べる17サイズ】 カーテン 4枚セット 遮光 レースカーテンセット 1級 三層構造 形状記憶 遮熱 遮像 防寒 洗える 遮光カーテン UVカット 幅100 幅150 4枚 2枚 カーテンセット カーテン4枚組 ミラーレース 厚手 省エネ 防音 無地 送料無料 / 幅100×丈80cm(4枚組) / スモークグレー,3980,observed_product_currentPrice_excludes_delivery_surcharge,https://wowma.jp/item/704502086
observed-ct0-au-original-only,ct0,CT0180BR,【最大2000円OFFクーポン配布】カーテン 遮光 1級 2級 遮光カーテン 遮光率99.99% 幅100cm 幅150cm レースカーテンセット カーテンセット タッセル付き UVカット 厚手 断熱 遮熱 省エネ シンプル 無地 洗える ウォッシャブル ドレープカーテン おしゃれ / 100×80cm / カフェブラウン / あり,2780,observed_per_sku_taxIncludedPrice_excludes_delivery_coupon,https://item.rakuten.co.jp/weimall/ct0/,704502086,331810175:row=8:col=0,＼ランキング1位／【選べる17サイズ】 カーテン 4枚セット 遮光 レースカーテンセット 1級 三層構造 形状記憶 遮熱 遮像 防寒 洗える 遮光カーテン UVカット 幅100 幅150 4枚 2枚 カーテンセット カーテン4枚組 ミラーレース 厚手 省エネ 防音 無地 送料無料 / 幅100×丈80cm(4枚組) / カフェブラウン,3980,observed_product_currentPrice_excludes_delivery_surcharge,https://wowma.jp/item/704502086
observed-ct0-au-original-only,ct0,CT0180SB,【最大2000円OFFクーポン配布】カーテン 遮光 1級 2級 遮光カーテン 遮光率99.99% 幅100cm 幅150cm レースカーテンセット カーテンセット タッセル付き UVカット 厚手 断熱 遮熱 省エネ シンプル 無地 洗える ウォッシャブル ドレープカーテン おしゃれ / 100×80cm / サンドベージュ / あり,2780,observed_per_sku_taxIncludedPrice_excludes_delivery_coupon,https://item.rakuten.co.jp/weimall/ct0/,704502086,331810175:row=4:col=0,＼ランキング1位／【選べる17サイズ】 カーテン 4枚セット 遮光 レースカーテンセット 1級 三層構造 形状記憶 遮熱 遮像 防寒 洗える 遮光カーテン UVカット 幅100 幅150 4枚 2枚 カーテンセット カーテン4枚組 ミラーレース 厚手 省エネ 防音 無地 送料無料 / 幅100×丈80cm(4枚組) / サンドベージュ,3980,observed_product_currentPrice_excludes_delivery_surcharge,https://wowma.jp/item/704502086
observed-ct0-au-original-only,ct0,CT01200GY,【最大2000円OFFクーポン配布】カーテン 遮光 1級 2級 遮光カーテン 遮光率99.99% 幅100cm 幅150cm レースカーテンセット カーテンセット タッセル付き UVカット 厚手 断熱 遮熱 省エネ シンプル 無地 洗える ウォッシャブル ドレープカーテン おしゃれ / 100×200cm / ライトグレー / あり,4280,observed_per_sku_taxIncludedPrice_excludes_delivery_coupon,https://item.rakuten.co.jp/weimall/ct0/,704502086,331810175:row=2:col=10,＼ランキング1位／【選べる17サイズ】 カーテン 4枚セット 遮光 レースカーテンセット 1級 三層構造 形状記憶 遮熱 遮像 防寒 洗える 遮光カーテン UVカット 幅100 幅150 4枚 2枚 カーテンセット カーテン4枚組 ミラーレース 厚手 省エネ 防音 無地 送料無料 / 幅100×丈200cm(4枚組) / ライトグレー,3980,observed_product_currentPrice_excludes_delivery_surcharge,https://wowma.jp/item/704502086
observed-ct0-au-original-only,ct0,CT01135CG,【最大2000円OFFクーポン配布】カーテン 遮光 1級 2級 遮光カーテン 遮光率99.99% 幅100cm 幅150cm レースカーテンセット カーテンセット タッセル付き UVカット 厚手 断熱 遮熱 省エネ シンプル 無地 洗える ウォッシャブル ドレープカーテン おしゃれ / 100×135cm / アイスグレー / あり,3380,observed_per_sku_taxIncludedPrice_excludes_delivery_coupon,https://item.rakuten.co.jp/weimall/ct0/,704502086,331810175:row=1:col=5,＼ランキング1位／【選べる17サイズ】 カーテン 4枚セット 遮光 レースカーテンセット 1級 三層構造 形状記憶 遮熱 遮像 防寒 洗える 遮光カーテン UVカット 幅100 幅150 4枚 2枚 カーテンセット カーテン4枚組 ミラーレース 厚手 省エネ 防音 無地 送料無料 / 幅100×丈135cm(4枚組) / アイスグレー,3980,observed_product_currentPrice_excludes_delivery_surcharge,https://wowma.jp/item/704502086
observed-ct0-au-original-only,ct0,CT0180BK,【最大2000円OFFクーポン配布】カーテン 遮光 1級 2級 遮光カーテン 遮光率99.99% 幅100cm 幅150cm レースカーテンセット カーテンセット タッセル付き UVカット 厚手 断熱 遮熱 省エネ シンプル 無地 洗える ウォッシャブル ドレープカーテン おしゃれ / 100×80cm / コールブラック / あり,2780,observed_per_sku_taxIncludedPrice_excludes_delivery_coupon,https://item.rakuten.co.jp/weimall/ct0/,704502086,331810175:row=7:col=0,＼ランキング1位／【選べる17サイズ】 カーテン 4枚セット 遮光 レースカーテンセット 1級 三層構造 形状記憶 遮熱 遮像 防寒 洗える 遮光カーテン UVカット 幅100 幅150 4枚 2枚 カーテンセット カーテン4枚組 ミラーレース 厚手 省エネ 防音 無地 送料無料 / 幅100×丈80cm(4枚組) / コールブラック,3980,observed_product_currentPrice_excludes_delivery_surcharge,https://wowma.jp/item/704502086
observed-ct0-au-original-only,ct0,CT01190GR,【最大2000円OFFクーポン配布】カーテン 遮光 1級 2級 遮光カーテン 遮光率99.99% 幅100cm 幅150cm レースカーテンセット カーテンセット タッセル付き UVカット 厚手 断熱 遮熱 省エネ シンプル 無地 洗える ウォッシャブル ドレープカーテン おしゃれ / 100×190cm / ユーカリグリーン / あり,4180,observed_per_sku_taxIncludedPrice_excludes_delivery_coupon,https://item.rakuten.co.jp/weimall/ct0/,704502086,331810175:row=5:col=9,＼ランキング1位／【選べる17サイズ】 カーテン 4枚セット 遮光 レースカーテンセット 1級 三層構造 形状記憶 遮熱 遮像 防寒 洗える 遮光カーテン UVカット 幅100 幅150 4枚 2枚 カーテンセット カーテン4枚組 ミラーレース 厚手 省エネ 防音 無地 送料無料 / 幅100×丈190cm(4枚組) / ユーカリグリーン,3980,observed_product_currentPrice_excludes_delivery_surcharge,https://wowma.jp/item/704502086
observed-ct0-au-original-only,ct0,CT02200CG,【最大2000円OFFクーポン配布】カーテン 遮光 1級 2級 遮光カーテン 遮光率99.99% 幅100cm 幅150cm レースカーテンセット カーテンセット タッセル付き UVカット 厚手 断熱 遮熱 省エネ シンプル 無地 洗える ウォッシャブル ドレープカーテン おしゃれ / 150×200cm / アイスグレー / あり,3880,observed_per_sku_taxIncludedPrice_excludes_delivery_coupon,https://item.rakuten.co.jp/weimall/ct0/,704502086,331810175:row=1:col=16,＼ランキング1位／【選べる17サイズ】 カーテン 4枚セット 遮光 レースカーテンセット 1級 三層構造 形状記憶 遮熱 遮像 防寒 洗える 遮光カーテン UVカット 幅100 幅150 4枚 2枚 カーテンセット カーテン4枚組 ミラーレース 厚手 省エネ 防音 無地 送料無料 / 幅150×丈200cm(2枚組) / アイスグレー,3980,observed_product_currentPrice_excludes_delivery_surcharge,https://wowma.jp/item/704502086
observed-ct0-au-original-only,ct0,CT01210CG,【最大2000円OFFクーポン配布】カーテン 遮光 1級 2級 遮光カーテン 遮光率99.99% 幅100cm 幅150cm レースカーテンセット カーテンセット タッセル付き UVカット 厚手 断熱 遮熱 省エネ シンプル 無地 洗える ウォッシャブル ドレープカーテン おしゃれ / 100×210cm / アイスグレー / あり,4380,observed_per_sku_taxIncludedPrice_excludes_delivery_coupon,https://item.rakuten.co.jp/weimall/ct0/,704502086,331810175:row=1:col=11,＼ランキング1位／【選べる17サイズ】 カーテン 4枚セット 遮光 レースカーテンセット 1級 三層構造 形状記憶 遮熱 遮像 防寒 洗える 遮光カーテン UVカット 幅100 幅150 4枚 2枚 カーテンセット カーテン4枚組 ミラーレース 厚手 省エネ 防音 無地 送料無料 / 幅100×丈210cm(4枚組) / アイスグレー,3980,observed_product_currentPrice_excludes_delivery_surcharge,https://wowma.jp/item/704502086
observed-ct0-au-original-only,ct0,CT01190GY,【最大2000円OFFクーポン配布】カーテン 遮光 1級 2級 遮光カーテン 遮光率99.99% 幅100cm 幅150cm レースカーテンセット カーテンセット タッセル付き UVカット 厚手 断熱 遮熱 省エネ シンプル 無地 洗える ウォッシャブル ドレープカーテン おしゃれ / 100×190cm / ライトグレー / あり,4180,observed_per_sku_taxIncludedPrice_excludes_delivery_coupon,https://item.rakuten.co.jp/weimall/ct0/,704502086,331810175:row=2:col=9,＼ランキング1位／【選べる17サイズ】 カーテン 4枚セット 遮光 レースカーテンセット 1級 三層構造 形状記憶 遮熱 遮像 防寒 洗える 遮光カーテン UVカット 幅100 幅150 4枚 2枚 カーテンセット カーテン4枚組 ミラーレース 厚手 省エネ 防音 無地 送料無料 / 幅100×丈190cm(4枚組) / ライトグレー,3980,observed_product_currentPrice_excludes_delivery_surcharge,https://wowma.jp/item/704502086
observed-ct0-au-original-only,ct0,CT0190NV,【最大2000円OFFクーポン配布】カーテン 遮光 1級 2級 遮光カーテン 遮光率99.99% 幅100cm 幅150cm レースカーテンセット カーテンセット タッセル付き UVカット 厚手 断熱 遮熱 省エネ シンプル 無地 洗える ウォッシャブル ドレープカーテン おしゃれ / 100×90cm / ノクターンネイビー / あり,2880,observed_per_sku_taxIncludedPrice_excludes_delivery_coupon,https://item.rakuten.co.jp/weimall/ct0/,704502086,331810175:row=6:col=1,＼ランキング1位／【選べる17サイズ】 カーテン 4枚セット 遮光 レースカーテンセット 1級 三層構造 形状記憶 遮熱 遮像 防寒 洗える 遮光カーテン UVカット 幅100 幅150 4枚 2枚 カーテンセット カーテン4枚組 ミラーレース 厚手 省エネ 防音 無地 送料無料 / 幅100×丈90cm(4枚組) / ノクターンネイビー,3980,observed_product_currentPrice_excludes_delivery_surcharge,https://wowma.jp/item/704502086
observed-ct0-au-original-only,ct0,CT02135BR,【最大2000円OFFクーポン配布】カーテン 遮光 1級 2級 遮光カーテン 遮光率99.99% 幅100cm 幅150cm レースカーテンセット カーテンセット タッセル付き UVカット 厚手 断熱 遮熱 省エネ シンプル 無地 洗える ウォッシャブル ドレープカーテン おしゃれ / 150×135cm / カフェブラウン / あり,3480,observed_per_sku_taxIncludedPrice_excludes_delivery_coupon,https://item.rakuten.co.jp/weimall/ct0/,704502086,331810175:row=8:col=14,＼ランキング1位／【選べる17サイズ】 カーテン 4枚セット 遮光 レースカーテンセット 1級 三層構造 形状記憶 遮熱 遮像 防寒 洗える 遮光カーテン UVカット 幅100 幅150 4枚 2枚 カーテンセット カーテン4枚組 ミラーレース 厚手 省エネ 防音 無地 送料無料 / 幅150×丈135cm(2枚組) / カフェブラウン,3980,observed_product_currentPrice_excludes_delivery_surcharge,https://wowma.jp/item/704502086
observed-ct0-au-original-only,ct0,CT01105SG,【最大2000円OFFクーポン配布】カーテン 遮光 1級 2級 遮光カーテン 遮光率99.99% 幅100cm 幅150cm レースカーテンセット カーテンセット タッセル付き UVカット 厚手 断熱 遮熱 省エネ シンプル 無地 洗える ウォッシャブル ドレープカーテン おしゃれ / 100×105cm / スモークグレー / あり,2980,observed_per_sku_taxIncludedPrice_excludes_delivery_coupon,https://item.rakuten.co.jp/weimall/ct0/,704502086,331810175:row=3:col=2,＼ランキング1位／【選べる17サイズ】 カーテン 4枚セット 遮光 レースカーテンセット 1級 三層構造 形状記憶 遮熱 遮像 防寒 洗える 遮光カーテン UVカット 幅100 幅150 4枚 2枚 カーテンセット カーテン4枚組 ミラーレース 厚手 省エネ 防音 無地 送料無料 / 幅100×丈105cm(4枚組) / スモークグレー,3980,observed_product_currentPrice_excludes_delivery_surcharge,https://wowma.jp/item/704502086
observed-ct0-au-original-only,ct0,CT01220GR,【最大2000円OFFクーポン配布】カーテン 遮光 1級 2級 遮光カーテン 遮光率99.99% 幅100cm 幅150cm レースカーテンセット カーテンセット タッセル付き UVカット 厚手 断熱 遮熱 省エネ シンプル 無地 洗える ウォッシャブル ドレープカーテン おしゃれ / 100×220cm / ユーカリグリーン / あり,4580,observed_per_sku_taxIncludedPrice_excludes_delivery_coupon,https://item.rakuten.co.jp/weimall/ct0/,704502086,331810175:row=5:col=12,＼ランキング1位／【選べる17サイズ】 カーテン 4枚セット 遮光 レースカーテンセット 1級 三層構造 形状記憶 遮熱 遮像 防寒 洗える 遮光カーテン UVカット 幅100 幅150 4枚 2枚 カーテンセット カーテン4枚組 ミラーレース 厚手 省エネ 防音 無地 送料無料 / 幅100×丈220cm(4枚組) / ユーカリグリーン,3980,observed_product_currentPrice_excludes_delivery_surcharge,https://wowma.jp/item/704502086
observed-ct0-au-original-only,ct0,CT02135SG,【最大2000円OFFクーポン配布】カーテン 遮光 1級 2級 遮光カーテン 遮光率99.99% 幅100cm 幅150cm レースカーテンセット カーテンセット タッセル付き UVカット 厚手 断熱 遮熱 省エネ シンプル 無地 洗える ウォッシャブル ドレープカーテン おしゃれ / 150×135cm / スモークグレー / あり,3480,observed_per_sku_taxIncludedPrice_excludes_delivery_coupon,https://item.rakuten.co.jp/weimall/ct0/,704502086,331810175:row=3:col=14,＼ランキング1位／【選べる17サイズ】 カーテン 4枚セット 遮光 レースカーテンセット 1級 三層構造 形状記憶 遮熱 遮像 防寒 洗える 遮光カーテン UVカット 幅100 幅150 4枚 2枚 カーテンセット カーテン4枚組 ミラーレース 厚手 省エネ 防音 無地 送料無料 / 幅150×丈135cm(2枚組) / スモークグレー,3980,observed_product_currentPrice_excludes_delivery_surcharge,https://wowma.jp/item/704502086
observed-ct0-au-original-only,ct0,CT01105SB,【最大2000円OFFクーポン配布】カーテン 遮光 1級 2級 遮光カーテン 遮光率99.99% 幅100cm 幅150cm レースカーテンセット カーテンセット タッセル付き UVカット 厚手 断熱 遮熱 省エネ シンプル 無地 洗える ウォッシャブル ドレープカーテン おしゃれ / 100×105cm / サンドベージュ / あり,2980,observed_per_sku_taxIncludedPrice_excludes_delivery_coupon,https://item.rakuten.co.jp/weimall/ct0/,704502086,331810175:row=4:col=2,＼ランキング1位／【選べる17サイズ】 カーテン 4枚セット 遮光 レースカーテンセット 1級 三層構造 形状記憶 遮熱 遮像 防寒 洗える 遮光カーテン UVカット 幅100 幅150 4枚 2枚 カーテンセット カーテン4枚組 ミラーレース 厚手 省エネ 防音 無地 送料無料 / 幅100×丈105cm(4枚組) / サンドベージュ,3980,observed_product_currentPrice_excludes_delivery_surcharge,https://wowma.jp/item/704502086
observed-ct0-au-original-only,ct0,CT01105BK,【最大2000円OFFクーポン配布】カーテン 遮光 1級 2級 遮光カーテン 遮光率99.99% 幅100cm 幅150cm レースカーテンセット カーテンセット タッセル付き UVカット 厚手 断熱 遮熱 省エネ シンプル 無地 洗える ウォッシャブル ドレープカーテン おしゃれ / 100×105cm / コールブラック / あり,2980,observed_per_sku_taxIncludedPrice_excludes_delivery_coupon,https://item.rakuten.co.jp/weimall/ct0/,704502086,331810175:row=7:col=2,＼ランキング1位／【選べる17サイズ】 カーテン 4枚セット 遮光 レースカーテンセット 1級 三層構造 形状記憶 遮熱 遮像 防寒 洗える 遮光カーテン UVカット 幅100 幅150 4枚 2枚 カーテンセット カーテン4枚組 ミラーレース 厚手 省エネ 防音 無地 送料無料 / 幅100×丈105cm(4枚組) / コールブラック,3980,observed_product_currentPrice_excludes_delivery_surcharge,https://wowma.jp/item/704502086
observed-ct0-au-original-only,ct0,CT02135BE,【最大2000円OFFクーポン配布】カーテン 遮光 1級 2級 遮光カーテン 遮光率99.99% 幅100cm 幅150cm レースカーテンセット カーテンセット タッセル付き UVカット 厚手 断熱 遮熱 省エネ シンプル 無地 洗える ウォッシャブル ドレープカーテン おしゃれ / 150×135cm / ベージュ / あり,3480,observed_per_sku_taxIncludedPrice_excludes_delivery_coupon,https://item.rakuten.co.jp/weimall/ct0/,704502086,331810175:row=0:col=14,＼ランキング1位／【選べる17サイズ】 カーテン 4枚セット 遮光 レースカーテンセット 1級 三層構造 形状記憶 遮熱 遮像 防寒 洗える 遮光カーテン UVカット 幅100 幅150 4枚 2枚 カーテンセット カーテン4枚組 ミラーレース 厚手 省エネ 防音 無地 送料無料 / 幅150×丈135cm(2枚組) / ベージュ,3980,observed_product_currentPrice_excludes_delivery_surcharge,https://wowma.jp/item/704502086
observed-ct0-au-original-only,ct0,CT01120SB,【最大2000円OFFクーポン配布】カーテン 遮光 1級 2級 遮光カーテン 遮光率99.99% 幅100cm 幅150cm レースカーテンセット カーテンセット タッセル付き UVカット 厚手 断熱 遮熱 省エネ シンプル 無地 洗える ウォッシャブル ドレープカーテン おしゃれ / 100×120cm / サンドベージュ / あり,3280,observed_per_sku_taxIncludedPrice_excludes_delivery_coupon,https://item.rakuten.co.jp/weimall/ct0/,704502086,331810175:row=4:col=4,＼ランキング1位／【選べる17サイズ】 カーテン 4枚セット 遮光 レースカーテンセット 1級 三層構造 形状記憶 遮熱 遮像 防寒 洗える 遮光カーテン UVカット 幅100 幅150 4枚 2枚 カーテンセット カーテン4枚組 ミラーレース 厚手 省エネ 防音 無地 送料無料 / 幅100×丈120cm(4枚組) / サンドベージュ,3980,observed_product_currentPrice_excludes_delivery_surcharge,https://wowma.jp/item/704502086
observed-ct0-au-original-only,ct0,CT01120BK,【最大2000円OFFクーポン配布】カーテン 遮光 1級 2級 遮光カーテン 遮光率99.99% 幅100cm 幅150cm レースカーテンセット カーテンセット タッセル付き UVカット 厚手 断熱 遮熱 省エネ シンプル 無地 洗える ウォッシャブル ドレープカーテン おしゃれ / 100×120cm / コールブラック / あり,3280,observed_per_sku_taxIncludedPrice_excludes_delivery_coupon,https://item.rakuten.co.jp/weimall/ct0/,704502086,331810175:row=7:col=4,＼ランキング1位／【選べる17サイズ】 カーテン 4枚セット 遮光 レースカーテンセット 1級 三層構造 形状記憶 遮熱 遮像 防寒 洗える 遮光カーテン UVカット 幅100 幅150 4枚 2枚 カーテンセット カーテン4枚組 ミラーレース 厚手 省エネ 防音 無地 送料無料 / 幅100×丈120cm(4枚組) / コールブラック,3980,observed_product_currentPrice_excludes_delivery_surcharge,https://wowma.jp/item/704502086
observed-ct0-au-original-only,ct0,CT01105BE,【最大2000円OFFクーポン配布】カーテン 遮光 1級 2級 遮光カーテン 遮光率99.99% 幅100cm 幅150cm レースカーテンセット カーテンセット タッセル付き UVカット 厚手 断熱 遮熱 省エネ シンプル 無地 洗える ウォッシャブル ドレープカーテン おしゃれ / 100×105cm / ベージュ / あり,2980,observed_per_sku_taxIncludedPrice_excludes_delivery_coupon,https://item.rakuten.co.jp/weimall/ct0/,704502086,331810175:row=0:col=2,＼ランキング1位／【選べる17サイズ】 カーテン 4枚セット 遮光 レースカーテンセット 1級 三層構造 形状記憶 遮熱 遮像 防寒 洗える 遮光カーテン UVカット 幅100 幅150 4枚 2枚 カーテンセット カーテン4枚組 ミラーレース 厚手 省エネ 防音 無地 送料無料 / 幅100×丈105cm(4枚組) / ベージュ,3980,observed_product_currentPrice_excludes_delivery_surcharge,https://wowma.jp/item/704502086
observed-ct0-au-original-only,ct0,CT01220GY,【最大2000円OFFクーポン配布】カーテン 遮光 1級 2級 遮光カーテン 遮光率99.99% 幅100cm 幅150cm レースカーテンセット カーテンセット タッセル付き UVカット 厚手 断熱 遮熱 省エネ シンプル 無地 洗える ウォッシャブル ドレープカーテン おしゃれ / 100×220cm / ライトグレー / あり,4580,observed_per_sku_taxIncludedPrice_excludes_delivery_coupon,https://item.rakuten.co.jp/weimall/ct0/,704502086,331810175:row=2:col=12,＼ランキング1位／【選べる17サイズ】 カーテン 4枚セット 遮光 レースカーテンセット 1級 三層構造 形状記憶 遮熱 遮像 防寒 洗える 遮光カーテン UVカット 幅100 幅150 4枚 2枚 カーテンセット カーテン4枚組 ミラーレース 厚手 省エネ 防音 無地 送料無料 / 幅100×丈220cm(4枚組) / ライトグレー,3980,observed_product_currentPrice_excludes_delivery_surcharge,https://wowma.jp/item/704502086
observed-ct0-au-original-only,ct0,CT02135SB,【最大2000円OFFクーポン配布】カーテン 遮光 1級 2級 遮光カーテン 遮光率99.99% 幅100cm 幅150cm レースカーテンセット カーテンセット タッセル付き UVカット 厚手 断熱 遮熱 省エネ シンプル 無地 洗える ウォッシャブル ドレープカーテン おしゃれ / 150×135cm / サンドベージュ / あり,3480,observed_per_sku_taxIncludedPrice_excludes_delivery_coupon,https://item.rakuten.co.jp/weimall/ct0/,704502086,331810175:row=4:col=14,＼ランキング1位／【選べる17サイズ】 カーテン 4枚セット 遮光 レースカーテンセット 1級 三層構造 形状記憶 遮熱 遮像 防寒 洗える 遮光カーテン UVカット 幅100 幅150 4枚 2枚 カーテンセット カーテン4枚組 ミラーレース 厚手 省エネ 防音 無地 送料無料 / 幅150×丈135cm(2枚組) / サンドベージュ,3980,observed_product_currentPrice_excludes_delivery_surcharge,https://wowma.jp/item/704502086
observed-ct0-au-original-only,ct0,CT01120BE,【最大2000円OFFクーポン配布】カーテン 遮光 1級 2級 遮光カーテン 遮光率99.99% 幅100cm 幅150cm レースカーテンセット カーテンセット タッセル付き UVカット 厚手 断熱 遮熱 省エネ シンプル 無地 洗える ウォッシャブル ドレープカーテン おしゃれ / 100×120cm / ベージュ / あり,3280,observed_per_sku_taxIncludedPrice_excludes_delivery_coupon,https://item.rakuten.co.jp/weimall/ct0/,704502086,331810175:row=0:col=4,＼ランキング1位／【選べる17サイズ】 カーテン 4枚セット 遮光 レースカーテンセット 1級 三層構造 形状記憶 遮熱 遮像 防寒 洗える 遮光カーテン UVカット 幅100 幅150 4枚 2枚 カーテンセット カーテン4枚組 ミラーレース 厚手 省エネ 防音 無地 送料無料 / 幅100×丈120cm(4枚組) / ベージュ,3980,observed_product_currentPrice_excludes_delivery_surcharge,https://wowma.jp/item/704502086
observed-ct0-au-original-only,ct0,CT0180CG,【最大2000円OFFクーポン配布】カーテン 遮光 1級 2級 遮光カーテン 遮光率99.99% 幅100cm 幅150cm レースカーテンセット カーテンセット タッセル付き UVカット 厚手 断熱 遮熱 省エネ シンプル 無地 洗える ウォッシャブル ドレープカーテン おしゃれ / 100×80cm / アイスグレー / あり,2780,observed_per_sku_taxIncludedPrice_excludes_delivery_coupon,https://item.rakuten.co.jp/weimall/ct0/,704502086,331810175:row=1:col=0,＼ランキング1位／【選べる17サイズ】 カーテン 4枚セット 遮光 レースカーテンセット 1級 三層構造 形状記憶 遮熱 遮像 防寒 洗える 遮光カーテン UVカット 幅100 幅150 4枚 2枚 カーテンセット カーテン4枚組 ミラーレース 厚手 省エネ 防音 無地 送料無料 / 幅100×丈80cm(4枚組) / アイスグレー,3980,observed_product_currentPrice_excludes_delivery_surcharge,https://wowma.jp/item/704502086
observed-ct0-au-original-only,ct0,CT01178CG,【最大2000円OFFクーポン配布】カーテン 遮光 1級 2級 遮光カーテン 遮光率99.99% 幅100cm 幅150cm レースカーテンセット カーテンセット タッセル付き UVカット 厚手 断熱 遮熱 省エネ シンプル 無地 洗える ウォッシャブル ドレープカーテン おしゃれ / 100×178cm / アイスグレー / あり,3780,observed_per_sku_taxIncludedPrice_excludes_delivery_coupon,https://item.rakuten.co.jp/weimall/ct0/,704502086,331810175:row=1:col=7,＼ランキング1位／【選べる17サイズ】 カーテン 4枚セット 遮光 レースカーテンセット 1級 三層構造 形状記憶 遮熱 遮像 防寒 洗える 遮光カーテン UVカット 幅100 幅150 4枚 2枚 カーテンセット カーテン4枚組 ミラーレース 厚手 省エネ 防音 無地 送料無料 / 幅100×丈178cm(4枚組) / アイスグレー,3980,observed_product_currentPrice_excludes_delivery_surcharge,https://wowma.jp/item/704502086
observed-ct0-au-original-only,ct0,CT01230CG,【最大2000円OFFクーポン配布】カーテン 遮光 1級 2級 遮光カーテン 遮光率99.99% 幅100cm 幅150cm レースカーテンセット カーテンセット タッセル付き UVカット 厚手 断熱 遮熱 省エネ シンプル 無地 洗える ウォッシャブル ドレープカーテン おしゃれ / 100×230cm / アイスグレー / あり,4680,observed_per_sku_taxIncludedPrice_excludes_delivery_coupon,https://item.rakuten.co.jp/weimall/ct0/,704502086,331810175:row=1:col=13,＼ランキング1位／【選べる17サイズ】 カーテン 4枚セット 遮光 レースカーテンセット 1級 三層構造 形状記憶 遮熱 遮像 防寒 洗える 遮光カーテン UVカット 幅100 幅150 4枚 2枚 カーテンセット カーテン4枚組 ミラーレース 厚手 省エネ 防音 無地 送料無料 / 幅100×丈230cm(4枚組) / アイスグレー,3980,observed_product_currentPrice_excludes_delivery_surcharge,https://wowma.jp/item/704502086
observed-ct0-au-original-only,ct0,CT01105CG,【最大2000円OFFクーポン配布】カーテン 遮光 1級 2級 遮光カーテン 遮光率99.99% 幅100cm 幅150cm レースカーテンセット カーテンセット タッセル付き UVカット 厚手 断熱 遮熱 省エネ シンプル 無地 洗える ウォッシャブル ドレープカーテン おしゃれ / 100×105cm / アイスグレー / あり,2980,observed_per_sku_taxIncludedPrice_excludes_delivery_coupon,https://item.rakuten.co.jp/weimall/ct0/,704502086,331810175:row=1:col=2,＼ランキング1位／【選べる17サイズ】 カーテン 4枚セット 遮光 レースカーテンセット 1級 三層構造 形状記憶 遮熱 遮像 防寒 洗える 遮光カーテン UVカット 幅100 幅150 4枚 2枚 カーテンセット カーテン4枚組 ミラーレース 厚手 省エネ 防音 無地 送料無料 / 幅100×丈105cm(4枚組) / アイスグレー,3980,observed_product_currentPrice_excludes_delivery_surcharge,https://wowma.jp/item/704502086
observed-ct0-au-original-only,ct0,CT02135CG,【最大2000円OFFクーポン配布】カーテン 遮光 1級 2級 遮光カーテン 遮光率99.99% 幅100cm 幅150cm レースカーテンセット カーテンセット タッセル付き UVカット 厚手 断熱 遮熱 省エネ シンプル 無地 洗える ウォッシャブル ドレープカーテン おしゃれ / 150×135cm / アイスグレー / あり,3480,observed_per_sku_taxIncludedPrice_excludes_delivery_coupon,https://item.rakuten.co.jp/weimall/ct0/,704502086,331810175:row=1:col=14,＼ランキング1位／【選べる17サイズ】 カーテン 4枚セット 遮光 レースカーテンセット 1級 三層構造 形状記憶 遮熱 遮像 防寒 洗える 遮光カーテン UVカット 幅100 幅150 4枚 2枚 カーテンセット カーテン4枚組 ミラーレース 厚手 省エネ 防音 無地 送料無料 / 幅150×丈135cm(2枚組) / アイスグレー,3980,observed_product_currentPrice_excludes_delivery_surcharge,https://wowma.jp/item/704502086
observed-ct0-au-original-only,ct0,CT01120CG,【最大2000円OFFクーポン配布】カーテン 遮光 1級 2級 遮光カーテン 遮光率99.99% 幅100cm 幅150cm レースカーテンセット カーテンセット タッセル付き UVカット 厚手 断熱 遮熱 省エネ シンプル 無地 洗える ウォッシャブル ドレープカーテン おしゃれ / 100×120cm / アイスグレー / あり,3280,observed_per_sku_taxIncludedPrice_excludes_delivery_coupon,https://item.rakuten.co.jp/weimall/ct0/,704502086,331810175:row=1:col=4,＼ランキング1位／【選べる17サイズ】 カーテン 4枚セット 遮光 レースカーテンセット 1級 三層構造 形状記憶 遮熱 遮像 防寒 洗える 遮光カーテン UVカット 幅100 幅150 4枚 2枚 カーテンセット カーテン4枚組 ミラーレース 厚手 省エネ 防音 無地 送料無料 / 幅100×丈120cm(4枚組) / アイスグレー,3980,observed_product_currentPrice_excludes_delivery_surcharge,https://wowma.jp/item/704502086
observed-ct0-au-original-only,ct0,CT01190NV,【最大2000円OFFクーポン配布】カーテン 遮光 1級 2級 遮光カーテン 遮光率99.99% 幅100cm 幅150cm レースカーテンセット カーテンセット タッセル付き UVカット 厚手 断熱 遮熱 省エネ シンプル 無地 洗える ウォッシャブル ドレープカーテン おしゃれ / 100×190cm / ノクターンネイビー / あり,4180,observed_per_sku_taxIncludedPrice_excludes_delivery_coupon,https://item.rakuten.co.jp/weimall/ct0/,704502086,331810175:row=6:col=9,＼ランキング1位／【選べる17サイズ】 カーテン 4枚セット 遮光 レースカーテンセット 1級 三層構造 形状記憶 遮熱 遮像 防寒 洗える 遮光カーテン UVカット 幅100 幅150 4枚 2枚 カーテンセット カーテン4枚組 ミラーレース 厚手 省エネ 防音 無地 送料無料 / 幅100×丈190cm(4枚組) / ノクターンネイビー,3980,observed_product_currentPrice_excludes_delivery_surcharge,https://wowma.jp/item/704502086
observed-ct0-au-original-only,ct0,CT01230SB,【最大2000円OFFクーポン配布】カーテン 遮光 1級 2級 遮光カーテン 遮光率99.99% 幅100cm 幅150cm レースカーテンセット カーテンセット タッセル付き UVカット 厚手 断熱 遮熱 省エネ シンプル 無地 洗える ウォッシャブル ドレープカーテン おしゃれ / 100×230cm / サンドベージュ / あり,4680,observed_per_sku_taxIncludedPrice_excludes_delivery_coupon,https://item.rakuten.co.jp/weimall/ct0/,704502086,331810175:row=4:col=13,＼ランキング1位／【選べる17サイズ】 カーテン 4枚セット 遮光 レースカーテンセット 1級 三層構造 形状記憶 遮熱 遮像 防寒 洗える 遮光カーテン UVカット 幅100 幅150 4枚 2枚 カーテンセット カーテン4枚組 ミラーレース 厚手 省エネ 防音 無地 送料無料 / 幅100×丈230cm(4枚組) / サンドベージュ,3980,observed_product_currentPrice_excludes_delivery_surcharge,https://wowma.jp/item/704502086
observed-ct0-au-original-only,ct0,CT01230BR,【最大2000円OFFクーポン配布】カーテン 遮光 1級 2級 遮光カーテン 遮光率99.99% 幅100cm 幅150cm レースカーテンセット カーテンセット タッセル付き UVカット 厚手 断熱 遮熱 省エネ シンプル 無地 洗える ウォッシャブル ドレープカーテン おしゃれ / 100×230cm / カフェブラウン / あり,4680,observed_per_sku_taxIncludedPrice_excludes_delivery_coupon,https://item.rakuten.co.jp/weimall/ct0/,704502086,331810175:row=8:col=13,＼ランキング1位／【選べる17サイズ】 カーテン 4枚セット 遮光 レースカーテンセット 1級 三層構造 形状記憶 遮熱 遮像 防寒 洗える 遮光カーテン UVカット 幅100 幅150 4枚 2枚 カーテンセット カーテン4枚組 ミラーレース 厚手 省エネ 防音 無地 送料無料 / 幅100×丈230cm(4枚組) / カフェブラウン,3980,observed_product_currentPrice_excludes_delivery_surcharge,https://wowma.jp/item/704502086
observed-ct0-au-original-only,ct0,CT0190CG,【最大2000円OFFクーポン配布】カーテン 遮光 1級 2級 遮光カーテン 遮光率99.99% 幅100cm 幅150cm レースカーテンセット カーテンセット タッセル付き UVカット 厚手 断熱 遮熱 省エネ シンプル 無地 洗える ウォッシャブル ドレープカーテン おしゃれ / 100×90cm / アイスグレー / あり,2880,observed_per_sku_taxIncludedPrice_excludes_delivery_coupon,https://item.rakuten.co.jp/weimall/ct0/,704502086,331810175:row=1:col=1,＼ランキング1位／【選べる17サイズ】 カーテン 4枚セット 遮光 レースカーテンセット 1級 三層構造 形状記憶 遮熱 遮像 防寒 洗える 遮光カーテン UVカット 幅100 幅150 4枚 2枚 カーテンセット カーテン4枚組 ミラーレース 厚手 省エネ 防音 無地 送料無料 / 幅100×丈90cm(4枚組) / アイスグレー,3980,observed_product_currentPrice_excludes_delivery_surcharge,https://wowma.jp/item/704502086
observed-ct0-au-original-only,ct0,CT01178BE,【最大2000円OFFクーポン配布】カーテン 遮光 1級 2級 遮光カーテン 遮光率99.99% 幅100cm 幅150cm レースカーテンセット カーテンセット タッセル付き UVカット 厚手 断熱 遮熱 省エネ シンプル 無地 洗える ウォッシャブル ドレープカーテン おしゃれ / 100×178cm / ベージュ / あり,3780,observed_per_sku_taxIncludedPrice_excludes_delivery_coupon,https://item.rakuten.co.jp/weimall/ct0/,704502086,331810175:row=0:col=7,＼ランキング1位／【選べる17サイズ】 カーテン 4枚セット 遮光 レースカーテンセット 1級 三層構造 形状記憶 遮熱 遮像 防寒 洗える 遮光カーテン UVカット 幅100 幅150 4枚 2枚 カーテンセット カーテン4枚組 ミラーレース 厚手 省エネ 防音 無地 送料無料 / 幅100×丈178cm(4枚組) / ベージュ,3980,observed_product_currentPrice_excludes_delivery_surcharge,https://wowma.jp/item/704502086
observed-ct0-au-original-only,ct0,CT01178BK,【最大2000円OFFクーポン配布】カーテン 遮光 1級 2級 遮光カーテン 遮光率99.99% 幅100cm 幅150cm レースカーテンセット カーテンセット タッセル付き UVカット 厚手 断熱 遮熱 省エネ シンプル 無地 洗える ウォッシャブル ドレープカーテン おしゃれ / 100×178cm / コールブラック / あり,3780,observed_per_sku_taxIncludedPrice_excludes_delivery_coupon,https://item.rakuten.co.jp/weimall/ct0/,704502086,331810175:row=7:col=7,＼ランキング1位／【選べる17サイズ】 カーテン 4枚セット 遮光 レースカーテンセット 1級 三層構造 形状記憶 遮熱 遮像 防寒 洗える 遮光カーテン UVカット 幅100 幅150 4枚 2枚 カーテンセット カーテン4枚組 ミラーレース 厚手 省エネ 防音 無地 送料無料 / 幅100×丈178cm(4枚組) / コールブラック,3980,observed_product_currentPrice_excludes_delivery_surcharge,https://wowma.jp/item/704502086
observed-ct0-au-original-only,ct0,CT01230BK,【最大2000円OFFクーポン配布】カーテン 遮光 1級 2級 遮光カーテン 遮光率99.99% 幅100cm 幅150cm レースカーテンセット カーテンセット タッセル付き UVカット 厚手 断熱 遮熱 省エネ シンプル 無地 洗える ウォッシャブル ドレープカーテン おしゃれ / 100×230cm / コールブラック / あり,4680,observed_per_sku_taxIncludedPrice_excludes_delivery_coupon,https://item.rakuten.co.jp/weimall/ct0/,704502086,331810175:row=7:col=13,＼ランキング1位／【選べる17サイズ】 カーテン 4枚セット 遮光 レースカーテンセット 1級 三層構造 形状記憶 遮熱 遮像 防寒 洗える 遮光カーテン UVカット 幅100 幅150 4枚 2枚 カーテンセット カーテン4枚組 ミラーレース 厚手 省エネ 防音 無地 送料無料 / 幅100×丈230cm(4枚組) / コールブラック,3980,observed_product_currentPrice_excludes_delivery_surcharge,https://wowma.jp/item/704502086
observed-ct0-au-original-only,ct0,CT01230BE,【最大2000円OFFクーポン配布】カーテン 遮光 1級 2級 遮光カーテン 遮光率99.99% 幅100cm 幅150cm レースカーテンセット カーテンセット タッセル付き UVカット 厚手 断熱 遮熱 省エネ シンプル 無地 洗える ウォッシャブル ドレープカーテン おしゃれ / 100×230cm / ベージュ / あり,4680,observed_per_sku_taxIncludedPrice_excludes_delivery_coupon,https://item.rakuten.co.jp/weimall/ct0/,704502086,331810175:row=0:col=13,＼ランキング1位／【選べる17サイズ】 カーテン 4枚セット 遮光 レースカーテンセット 1級 三層構造 形状記憶 遮熱 遮像 防寒 洗える 遮光カーテン UVカット 幅100 幅150 4枚 2枚 カーテンセット カーテン4枚組 ミラーレース 厚手 省エネ 防音 無地 送料無料 / 幅100×丈230cm(4枚組) / ベージュ,3980,observed_product_currentPrice_excludes_delivery_surcharge,https://wowma.jp/item/704502086
observed-ct0-au-original-only,ct0,CT01135GY,【最大2000円OFFクーポン配布】カーテン 遮光 1級 2級 遮光カーテン 遮光率99.99% 幅100cm 幅150cm レースカーテンセット カーテンセット タッセル付き UVカット 厚手 断熱 遮熱 省エネ シンプル 無地 洗える ウォッシャブル ドレープカーテン おしゃれ / 100×135cm / ライトグレー / あり,3380,observed_per_sku_taxIncludedPrice_excludes_delivery_coupon,https://item.rakuten.co.jp/weimall/ct0/,704502086,331810175:row=2:col=5,＼ランキング1位／【選べる17サイズ】 カーテン 4枚セット 遮光 レースカーテンセット 1級 三層構造 形状記憶 遮熱 遮像 防寒 洗える 遮光カーテン UVカット 幅100 幅150 4枚 2枚 カーテンセット カーテン4枚組 ミラーレース 厚手 省エネ 防音 無地 送料無料 / 幅100×丈135cm(4枚組) / ライトグレー,3980,observed_product_currentPrice_excludes_delivery_surcharge,https://wowma.jp/item/704502086
observed-ct0-au-original-only,ct0,CT01178SB,【最大2000円OFFクーポン配布】カーテン 遮光 1級 2級 遮光カーテン 遮光率99.99% 幅100cm 幅150cm レースカーテンセット カーテンセット タッセル付き UVカット 厚手 断熱 遮熱 省エネ シンプル 無地 洗える ウォッシャブル ドレープカーテン おしゃれ / 100×178cm / サンドベージュ / あり,3780,observed_per_sku_taxIncludedPrice_excludes_delivery_coupon,https://item.rakuten.co.jp/weimall/ct0/,704502086,331810175:row=4:col=7,＼ランキング1位／【選べる17サイズ】 カーテン 4枚セット 遮光 レースカーテンセット 1級 三層構造 形状記憶 遮熱 遮像 防寒 洗える 遮光カーテン UVカット 幅100 幅150 4枚 2枚 カーテンセット カーテン4枚組 ミラーレース 厚手 省エネ 防音 無地 送料無料 / 幅100×丈178cm(4枚組) / サンドベージュ,3980,observed_product_currentPrice_excludes_delivery_surcharge,https://wowma.jp/item/704502086
observed-ct0-au-original-only,ct0,CT01135GR,【最大2000円OFFクーポン配布】カーテン 遮光 1級 2級 遮光カーテン 遮光率99.99% 幅100cm 幅150cm レースカーテンセット カーテンセット タッセル付き UVカット 厚手 断熱 遮熱 省エネ シンプル 無地 洗える ウォッシャブル ドレープカーテン おしゃれ / 100×135cm / ユーカリグリーン / あり,3380,observed_per_sku_taxIncludedPrice_excludes_delivery_coupon,https://item.rakuten.co.jp/weimall/ct0/,704502086,331810175:row=5:col=5,＼ランキング1位／【選べる17サイズ】 カーテン 4枚セット 遮光 レースカーテンセット 1級 三層構造 形状記憶 遮熱 遮像 防寒 洗える 遮光カーテン UVカット 幅100 幅150 4枚 2枚 カーテンセット カーテン4枚組 ミラーレース 厚手 省エネ 防音 無地 送料無料 / 幅100×丈135cm(4枚組) / ユーカリグリーン,3980,observed_product_currentPrice_excludes_delivery_surcharge,https://wowma.jp/item/704502086
observed-ct0-au-original-only,ct0,CT02178NV,【最大2000円OFFクーポン配布】カーテン 遮光 1級 2級 遮光カーテン 遮光率99.99% 幅100cm 幅150cm レースカーテンセット カーテンセット タッセル付き UVカット 厚手 断熱 遮熱 省エネ シンプル 無地 洗える ウォッシャブル ドレープカーテン おしゃれ / 150×178cm / ノクターンネイビー / あり,3880,observed_per_sku_taxIncludedPrice_excludes_delivery_coupon,https://item.rakuten.co.jp/weimall/ct0/,704502086,331810175:row=6:col=15,＼ランキング1位／【選べる17サイズ】 カーテン 4枚セット 遮光 レースカーテンセット 1級 三層構造 形状記憶 遮熱 遮像 防寒 洗える 遮光カーテン UVカット 幅100 幅150 4枚 2枚 カーテンセット カーテン4枚組 ミラーレース 厚手 省エネ 防音 無地 送料無料 / 幅150×丈178cm(2枚組) / ノクターンネイビー,3980,observed_product_currentPrice_excludes_delivery_surcharge,https://wowma.jp/item/704502086
observed-ct0-au-original-only,ct0,CT01150GY,【最大2000円OFFクーポン配布】カーテン 遮光 1級 2級 遮光カーテン 遮光率99.99% 幅100cm 幅150cm レースカーテンセット カーテンセット タッセル付き UVカット 厚手 断熱 遮熱 省エネ シンプル 無地 洗える ウォッシャブル ドレープカーテン おしゃれ / 100×150cm / ライトグレー / あり,3680,observed_per_sku_taxIncludedPrice_excludes_delivery_coupon,https://item.rakuten.co.jp/weimall/ct0/,704502086,331810175:row=2:col=6,＼ランキング1位／【選べる17サイズ】 カーテン 4枚セット 遮光 レースカーテンセット 1級 三層構造 形状記憶 遮熱 遮像 防寒 洗える 遮光カーテン UVカット 幅100 幅150 4枚 2枚 カーテンセット カーテン4枚組 ミラーレース 厚手 省エネ 防音 無地 送料無料 / 幅100×丈150cm(4枚組) / ライトグレー,3980,observed_product_currentPrice_excludes_delivery_surcharge,https://wowma.jp/item/704502086
observed-ct0-au-original-only,ct0,CT01178SG,【最大2000円OFFクーポン配布】カーテン 遮光 1級 2級 遮光カーテン 遮光率99.99% 幅100cm 幅150cm レースカーテンセット カーテンセット タッセル付き UVカット 厚手 断熱 遮熱 省エネ シンプル 無地 洗える ウォッシャブル ドレープカーテン おしゃれ / 100×178cm / スモークグレー / あり,3780,observed_per_sku_taxIncludedPrice_excludes_delivery_coupon,https://item.rakuten.co.jp/weimall/ct0/,704502086,331810175:row=3:col=7,＼ランキング1位／【選べる17サイズ】 カーテン 4枚セット 遮光 レースカーテンセット 1級 三層構造 形状記憶 遮熱 遮像 防寒 洗える 遮光カーテン UVカット 幅100 幅150 4枚 2枚 カーテンセット カーテン4枚組 ミラーレース 厚手 省エネ 防音 無地 送料無料 / 幅100×丈178cm(4枚組) / スモークグレー,3980,observed_product_currentPrice_excludes_delivery_surcharge,https://wowma.jp/item/704502086
observed-ct0-au-original-only,ct0,CT01150GR,【最大2000円OFFクーポン配布】カーテン 遮光 1級 2級 遮光カーテン 遮光率99.99% 幅100cm 幅150cm レースカーテンセット カーテンセット タッセル付き UVカット 厚手 断熱 遮熱 省エネ シンプル 無地 洗える ウォッシャブル ドレープカーテン おしゃれ / 100×150cm / ユーカリグリーン / あり,3680,observed_per_sku_taxIncludedPrice_excludes_delivery_coupon,https://item.rakuten.co.jp/weimall/ct0/,704502086,331810175:row=5:col=6,＼ランキング1位／【選べる17サイズ】 カーテン 4枚セット 遮光 レースカーテンセット 1級 三層構造 形状記憶 遮熱 遮像 防寒 洗える 遮光カーテン UVカット 幅100 幅150 4枚 2枚 カーテンセット カーテン4枚組 ミラーレース 厚手 省エネ 防音 無地 送料無料 / 幅100×丈150cm(4枚組) / ユーカリグリーン,3980,observed_product_currentPrice_excludes_delivery_surcharge,https://wowma.jp/item/704502086
observed-ct0-au-original-only,ct0,CT01230SG,【最大2000円OFFクーポン配布】カーテン 遮光 1級 2級 遮光カーテン 遮光率99.99% 幅100cm 幅150cm レースカーテンセット カーテンセット タッセル付き UVカット 厚手 断熱 遮熱 省エネ シンプル 無地 洗える ウォッシャブル ドレープカーテン おしゃれ / 100×230cm / スモークグレー / あり,4680,observed_per_sku_taxIncludedPrice_excludes_delivery_coupon,https://item.rakuten.co.jp/weimall/ct0/,704502086,331810175:row=3:col=13,＼ランキング1位／【選べる17サイズ】 カーテン 4枚セット 遮光 レースカーテンセット 1級 三層構造 形状記憶 遮熱 遮像 防寒 洗える 遮光カーテン UVカット 幅100 幅150 4枚 2枚 カーテンセット カーテン4枚組 ミラーレース 厚手 省エネ 防音 無地 送料無料 / 幅100×丈230cm(4枚組) / スモークグレー,3980,observed_product_currentPrice_excludes_delivery_surcharge,https://wowma.jp/item/704502086
observed-ct0-au-original-only,ct0,CT01110CG,【最大2000円OFFクーポン配布】カーテン 遮光 1級 2級 遮光カーテン 遮光率99.99% 幅100cm 幅150cm レースカーテンセット カーテンセット タッセル付き UVカット 厚手 断熱 遮熱 省エネ シンプル 無地 洗える ウォッシャブル ドレープカーテン おしゃれ / 100×110cm / アイスグレー / あり,3180,observed_per_sku_taxIncludedPrice_excludes_delivery_coupon,https://item.rakuten.co.jp/weimall/ct0/,704502086,331810175:row=1:col=3,＼ランキング1位／【選べる17サイズ】 カーテン 4枚セット 遮光 レースカーテンセット 1級 三層構造 形状記憶 遮熱 遮像 防寒 洗える 遮光カーテン UVカット 幅100 幅150 4枚 2枚 カーテンセット カーテン4枚組 ミラーレース 厚手 省エネ 防音 無地 送料無料 / 幅100×丈110cm(4枚組) / アイスグレー,3980,observed_product_currentPrice_excludes_delivery_surcharge,https://wowma.jp/item/704502086
observed-ct0-au-original-only,ct0,CT01210GR,【最大2000円OFFクーポン配布】カーテン 遮光 1級 2級 遮光カーテン 遮光率99.99% 幅100cm 幅150cm レースカーテンセット カーテンセット タッセル付き UVカット 厚手 断熱 遮熱 省エネ シンプル 無地 洗える ウォッシャブル ドレープカーテン おしゃれ / 100×210cm / ユーカリグリーン / あり,4380,observed_per_sku_taxIncludedPrice_excludes_delivery_coupon,https://item.rakuten.co.jp/weimall/ct0/,704502086,331810175:row=5:col=11,＼ランキング1位／【選べる17サイズ】 カーテン 4枚セット 遮光 レースカーテンセット 1級 三層構造 形状記憶 遮熱 遮像 防寒 洗える 遮光カーテン UVカット 幅100 幅150 4枚 2枚 カーテンセット カーテン4枚組 ミラーレース 厚手 省エネ 防音 無地 送料無料 / 幅100×丈210cm(4枚組) / ユーカリグリーン,3980,observed_product_currentPrice_excludes_delivery_surcharge,https://wowma.jp/item/704502086
observed-ct0-au-original-only,ct0,CT0190BE,【最大2000円OFFクーポン配布】カーテン 遮光 1級 2級 遮光カーテン 遮光率99.99% 幅100cm 幅150cm レースカーテンセット カーテンセット タッセル付き UVカット 厚手 断熱 遮熱 省エネ シンプル 無地 洗える ウォッシャブル ドレープカーテン おしゃれ / 100×90cm / ベージュ / あり,2880,observed_per_sku_taxIncludedPrice_excludes_delivery_coupon,https://item.rakuten.co.jp/weimall/ct0/,704502086,331810175:row=0:col=1,＼ランキング1位／【選べる17サイズ】 カーテン 4枚セット 遮光 レースカーテンセット 1級 三層構造 形状記憶 遮熱 遮像 防寒 洗える 遮光カーテン UVカット 幅100 幅150 4枚 2枚 カーテンセット カーテン4枚組 ミラーレース 厚手 省エネ 防音 無地 送料無料 / 幅100×丈90cm(4枚組) / ベージュ,3980,observed_product_currentPrice_excludes_delivery_surcharge,https://wowma.jp/item/704502086
observed-ct0-au-original-only,ct0,CT02200GR,【最大2000円OFFクーポン配布】カーテン 遮光 1級 2級 遮光カーテン 遮光率99.99% 幅100cm 幅150cm レースカーテンセット カーテンセット タッセル付き UVカット 厚手 断熱 遮熱 省エネ シンプル 無地 洗える ウォッシャブル ドレープカーテン おしゃれ / 150×200cm / ユーカリグリーン / あり,3880,observed_per_sku_taxIncludedPrice_excludes_delivery_coupon,https://item.rakuten.co.jp/weimall/ct0/,704502086,331810175:row=5:col=16,＼ランキング1位／【選べる17サイズ】 カーテン 4枚セット 遮光 レースカーテンセット 1級 三層構造 形状記憶 遮熱 遮像 防寒 洗える 遮光カーテン UVカット 幅100 幅150 4枚 2枚 カーテンセット カーテン4枚組 ミラーレース 厚手 省エネ 防音 無地 送料無料 / 幅150×丈200cm(2枚組) / ユーカリグリーン,3980,observed_product_currentPrice_excludes_delivery_surcharge,https://wowma.jp/item/704502086
observed-ct0-au-original-only,ct0,CT02200GY,【最大2000円OFFクーポン配布】カーテン 遮光 1級 2級 遮光カーテン 遮光率99.99% 幅100cm 幅150cm レースカーテンセット カーテンセット タッセル付き UVカット 厚手 断熱 遮熱 省エネ シンプル 無地 洗える ウォッシャブル ドレープカーテン おしゃれ / 150×200cm / ライトグレー / あり,3880,observed_per_sku_taxIncludedPrice_excludes_delivery_coupon,https://item.rakuten.co.jp/weimall/ct0/,704502086,331810175:row=2:col=16,＼ランキング1位／【選べる17サイズ】 カーテン 4枚セット 遮光 レースカーテンセット 1級 三層構造 形状記憶 遮熱 遮像 防寒 洗える 遮光カーテン UVカット 幅100 幅150 4枚 2枚 カーテンセット カーテン4枚組 ミラーレース 厚手 省エネ 防音 無地 送料無料 / 幅150×丈200cm(2枚組) / ライトグレー,3980,observed_product_currentPrice_excludes_delivery_surcharge,https://wowma.jp/item/704502086
observed-ct0-au-original-only,ct0,CT0190SG,【最大2000円OFFクーポン配布】カーテン 遮光 1級 2級 遮光カーテン 遮光率99.99% 幅100cm 幅150cm レースカーテンセット カーテンセット タッセル付き UVカット 厚手 断熱 遮熱 省エネ シンプル 無地 洗える ウォッシャブル ドレープカーテン おしゃれ / 100×90cm / スモークグレー / あり,2880,observed_per_sku_taxIncludedPrice_excludes_delivery_coupon,https://item.rakuten.co.jp/weimall/ct0/,704502086,331810175:row=3:col=1,＼ランキング1位／【選べる17サイズ】 カーテン 4枚セット 遮光 レースカーテンセット 1級 三層構造 形状記憶 遮熱 遮像 防寒 洗える 遮光カーテン UVカット 幅100 幅150 4枚 2枚 カーテンセット カーテン4枚組 ミラーレース 厚手 省エネ 防音 無地 送料無料 / 幅100×丈90cm(4枚組) / スモークグレー,3980,observed_product_currentPrice_excludes_delivery_surcharge,https://wowma.jp/item/704502086
observed-ct0-au-original-only,ct0,CT0190BR,【最大2000円OFFクーポン配布】カーテン 遮光 1級 2級 遮光カーテン 遮光率99.99% 幅100cm 幅150cm レースカーテンセット カーテンセット タッセル付き UVカット 厚手 断熱 遮熱 省エネ シンプル 無地 洗える ウォッシャブル ドレープカーテン おしゃれ / 100×90cm / カフェブラウン / あり,2880,observed_per_sku_taxIncludedPrice_excludes_delivery_coupon,https://item.rakuten.co.jp/weimall/ct0/,704502086,331810175:row=8:col=1,＼ランキング1位／【選べる17サイズ】 カーテン 4枚セット 遮光 レースカーテンセット 1級 三層構造 形状記憶 遮熱 遮像 防寒 洗える 遮光カーテン UVカット 幅100 幅150 4枚 2枚 カーテンセット カーテン4枚組 ミラーレース 厚手 省エネ 防音 無地 送料無料 / 幅100×丈90cm(4枚組) / カフェブラウン,3980,observed_product_currentPrice_excludes_delivery_surcharge,https://wowma.jp/item/704502086
observed-ct0-au-original-only,ct0,CT0190SB,【最大2000円OFFクーポン配布】カーテン 遮光 1級 2級 遮光カーテン 遮光率99.99% 幅100cm 幅150cm レースカーテンセット カーテンセット タッセル付き UVカット 厚手 断熱 遮熱 省エネ シンプル 無地 洗える ウォッシャブル ドレープカーテン おしゃれ / 100×90cm / サンドベージュ / あり,2880,observed_per_sku_taxIncludedPrice_excludes_delivery_coupon,https://item.rakuten.co.jp/weimall/ct0/,704502086,331810175:row=4:col=1,＼ランキング1位／【選べる17サイズ】 カーテン 4枚セット 遮光 レースカーテンセット 1級 三層構造 形状記憶 遮熱 遮像 防寒 洗える 遮光カーテン UVカット 幅100 幅150 4枚 2枚 カーテンセット カーテン4枚組 ミラーレース 厚手 省エネ 防音 無地 送料無料 / 幅100×丈90cm(4枚組) / サンドベージュ,3980,observed_product_currentPrice_excludes_delivery_surcharge,https://wowma.jp/item/704502086
observed-ct0-au-original-only,ct0,CT01210GY,【最大2000円OFFクーポン配布】カーテン 遮光 1級 2級 遮光カーテン 遮光率99.99% 幅100cm 幅150cm レースカーテンセット カーテンセット タッセル付き UVカット 厚手 断熱 遮熱 省エネ シンプル 無地 洗える ウォッシャブル ドレープカーテン おしゃれ / 100×210cm / ライトグレー / あり,4380,observed_per_sku_taxIncludedPrice_excludes_delivery_coupon,https://item.rakuten.co.jp/weimall/ct0/,704502086,331810175:row=2:col=11,＼ランキング1位／【選べる17サイズ】 カーテン 4枚セット 遮光 レースカーテンセット 1級 三層構造 形状記憶 遮熱 遮像 防寒 洗える 遮光カーテン UVカット 幅100 幅150 4枚 2枚 カーテンセット カーテン4枚組 ミラーレース 厚手 省エネ 防音 無地 送料無料 / 幅100×丈210cm(4枚組) / ライトグレー,3980,observed_product_currentPrice_excludes_delivery_surcharge,https://wowma.jp/item/704502086
observed-ct0-au-original-only,ct0,CT0190BK,【最大2000円OFFクーポン配布】カーテン 遮光 1級 2級 遮光カーテン 遮光率99.99% 幅100cm 幅150cm レースカーテンセット カーテンセット タッセル付き UVカット 厚手 断熱 遮熱 省エネ シンプル 無地 洗える ウォッシャブル ドレープカーテン おしゃれ / 100×90cm / コールブラック / あり,2880,observed_per_sku_taxIncludedPrice_excludes_delivery_coupon,https://item.rakuten.co.jp/weimall/ct0/,704502086,331810175:row=7:col=1,＼ランキング1位／【選べる17サイズ】 カーテン 4枚セット 遮光 レースカーテンセット 1級 三層構造 形状記憶 遮熱 遮像 防寒 洗える 遮光カーテン UVカット 幅100 幅150 4枚 2枚 カーテンセット カーテン4枚組 ミラーレース 厚手 省エネ 防音 無地 送料無料 / 幅100×丈90cm(4枚組) / コールブラック,3980,observed_product_currentPrice_excludes_delivery_surcharge,https://wowma.jp/item/704502086
observed-ct0-au-original-only,ct0,CT01190SB,【最大2000円OFFクーポン配布】カーテン 遮光 1級 2級 遮光カーテン 遮光率99.99% 幅100cm 幅150cm レースカーテンセット カーテンセット タッセル付き UVカット 厚手 断熱 遮熱 省エネ シンプル 無地 洗える ウォッシャブル ドレープカーテン おしゃれ / 100×190cm / サンドベージュ / あり,4180,observed_per_sku_taxIncludedPrice_excludes_delivery_coupon,https://item.rakuten.co.jp/weimall/ct0/,704502086,331810175:row=4:col=9,＼ランキング1位／【選べる17サイズ】 カーテン 4枚セット 遮光 レースカーテンセット 1級 三層構造 形状記憶 遮熱 遮像 防寒 洗える 遮光カーテン UVカット 幅100 幅150 4枚 2枚 カーテンセット カーテン4枚組 ミラーレース 厚手 省エネ 防音 無地 送料無料 / 幅100×丈190cm(4枚組) / サンドベージュ,3980,observed_product_currentPrice_excludes_delivery_surcharge,https://wowma.jp/item/704502086
observed-ct0-au-original-only,ct0,CT01190SG,【最大2000円OFFクーポン配布】カーテン 遮光 1級 2級 遮光カーテン 遮光率99.99% 幅100cm 幅150cm レースカーテンセット カーテンセット タッセル付き UVカット 厚手 断熱 遮熱 省エネ シンプル 無地 洗える ウォッシャブル ドレープカーテン おしゃれ / 100×190cm / スモークグレー / あり,4180,observed_per_sku_taxIncludedPrice_excludes_delivery_coupon,https://item.rakuten.co.jp/weimall/ct0/,704502086,331810175:row=3:col=9,＼ランキング1位／【選べる17サイズ】 カーテン 4枚セット 遮光 レースカーテンセット 1級 三層構造 形状記憶 遮熱 遮像 防寒 洗える 遮光カーテン UVカット 幅100 幅150 4枚 2枚 カーテンセット カーテン4枚組 ミラーレース 厚手 省エネ 防音 無地 送料無料 / 幅100×丈190cm(4枚組) / スモークグレー,3980,observed_product_currentPrice_excludes_delivery_surcharge,https://wowma.jp/item/704502086
observed-ct0-au-original-only,ct0,CT01210NV,【最大2000円OFFクーポン配布】カーテン 遮光 1級 2級 遮光カーテン 遮光率99.99% 幅100cm 幅150cm レースカーテンセット カーテンセット タッセル付き UVカット 厚手 断熱 遮熱 省エネ シンプル 無地 洗える ウォッシャブル ドレープカーテン おしゃれ / 100×210cm / ノクターンネイビー / あり,4380,observed_per_sku_taxIncludedPrice_excludes_delivery_coupon,https://item.rakuten.co.jp/weimall/ct0/,704502086,331810175:row=6:col=11,＼ランキング1位／【選べる17サイズ】 カーテン 4枚セット 遮光 レースカーテンセット 1級 三層構造 形状記憶 遮熱 遮像 防寒 洗える 遮光カーテン UVカット 幅100 幅150 4枚 2枚 カーテンセット カーテン4枚組 ミラーレース 厚手 省エネ 防音 無地 送料無料 / 幅100×丈210cm(4枚組) / ノクターンネイビー,3980,observed_product_currentPrice_excludes_delivery_surcharge,https://wowma.jp/item/704502086
observed-ct0-au-original-only,ct0,CT01190CG,【最大2000円OFFクーポン配布】カーテン 遮光 1級 2級 遮光カーテン 遮光率99.99% 幅100cm 幅150cm レースカーテンセット カーテンセット タッセル付き UVカット 厚手 断熱 遮熱 省エネ シンプル 無地 洗える ウォッシャブル ドレープカーテン おしゃれ / 100×190cm / アイスグレー / あり,4180,observed_per_sku_taxIncludedPrice_excludes_delivery_coupon,https://item.rakuten.co.jp/weimall/ct0/,704502086,331810175:row=1:col=9,＼ランキング1位／【選べる17サイズ】 カーテン 4枚セット 遮光 レースカーテンセット 1級 三層構造 形状記憶 遮熱 遮像 防寒 洗える 遮光カーテン UVカット 幅100 幅150 4枚 2枚 カーテンセット カーテン4枚組 ミラーレース 厚手 省エネ 防音 無地 送料無料 / 幅100×丈190cm(4枚組) / アイスグレー,3980,observed_product_currentPrice_excludes_delivery_surcharge,https://wowma.jp/item/704502086
observed-ct0-au-original-only,ct0,CT02135GY,【最大2000円OFFクーポン配布】カーテン 遮光 1級 2級 遮光カーテン 遮光率99.99% 幅100cm 幅150cm レースカーテンセット カーテンセット タッセル付き UVカット 厚手 断熱 遮熱 省エネ シンプル 無地 洗える ウォッシャブル ドレープカーテン おしゃれ / 150×135cm / ライトグレー / あり,3480,observed_per_sku_taxIncludedPrice_excludes_delivery_coupon,https://item.rakuten.co.jp/weimall/ct0/,704502086,331810175:row=2:col=14,＼ランキング1位／【選べる17サイズ】 カーテン 4枚セット 遮光 レースカーテンセット 1級 三層構造 形状記憶 遮熱 遮像 防寒 洗える 遮光カーテン UVカット 幅100 幅150 4枚 2枚 カーテンセット カーテン4枚組 ミラーレース 厚手 省エネ 防音 無地 送料無料 / 幅150×丈135cm(2枚組) / ライトグレー,3980,observed_product_currentPrice_excludes_delivery_surcharge,https://wowma.jp/item/704502086
observed-ct0-au-original-only,ct0,CT01230GY,【最大2000円OFFクーポン配布】カーテン 遮光 1級 2級 遮光カーテン 遮光率99.99% 幅100cm 幅150cm レースカーテンセット カーテンセット タッセル付き UVカット 厚手 断熱 遮熱 省エネ シンプル 無地 洗える ウォッシャブル ドレープカーテン おしゃれ / 100×230cm / ライトグレー / あり,4680,observed_per_sku_taxIncludedPrice_excludes_delivery_coupon,https://item.rakuten.co.jp/weimall/ct0/,704502086,331810175:row=2:col=13,＼ランキング1位／【選べる17サイズ】 カーテン 4枚セット 遮光 レースカーテンセット 1級 三層構造 形状記憶 遮熱 遮像 防寒 洗える 遮光カーテン UVカット 幅100 幅150 4枚 2枚 カーテンセット カーテン4枚組 ミラーレース 厚手 省エネ 防音 無地 送料無料 / 幅100×丈230cm(4枚組) / ライトグレー,3980,observed_product_currentPrice_excludes_delivery_surcharge,https://wowma.jp/item/704502086
observed-ct0-au-original-only,ct0,CT01230GR,【最大2000円OFFクーポン配布】カーテン 遮光 1級 2級 遮光カーテン 遮光率99.99% 幅100cm 幅150cm レースカーテンセット カーテンセット タッセル付き UVカット 厚手 断熱 遮熱 省エネ シンプル 無地 洗える ウォッシャブル ドレープカーテン おしゃれ / 100×230cm / ユーカリグリーン / あり,4680,observed_per_sku_taxIncludedPrice_excludes_delivery_coupon,https://item.rakuten.co.jp/weimall/ct0/,704502086,331810175:row=5:col=13,＼ランキング1位／【選べる17サイズ】 カーテン 4枚セット 遮光 レースカーテンセット 1級 三層構造 形状記憶 遮熱 遮像 防寒 洗える 遮光カーテン UVカット 幅100 幅150 4枚 2枚 カーテンセット カーテン4枚組 ミラーレース 厚手 省エネ 防音 無地 送料無料 / 幅100×丈230cm(4枚組) / ユーカリグリーン,3980,observed_product_currentPrice_excludes_delivery_surcharge,https://wowma.jp/item/704502086
observed-ct0-au-original-only,ct0,CT01185NV,【最大2000円OFFクーポン配布】カーテン 遮光 1級 2級 遮光カーテン 遮光率99.99% 幅100cm 幅150cm レースカーテンセット カーテンセット タッセル付き UVカット 厚手 断熱 遮熱 省エネ シンプル 無地 洗える ウォッシャブル ドレープカーテン おしゃれ / 100×185cm / ノクターンネイビー / あり,3980,observed_per_sku_taxIncludedPrice_excludes_delivery_coupon,https://item.rakuten.co.jp/weimall/ct0/,704502086,331810175:row=6:col=8,＼ランキング1位／【選べる17サイズ】 カーテン 4枚セット 遮光 レースカーテンセット 1級 三層構造 形状記憶 遮熱 遮像 防寒 洗える 遮光カーテン UVカット 幅100 幅150 4枚 2枚 カーテンセット カーテン4枚組 ミラーレース 厚手 省エネ 防音 無地 送料無料 / 幅100×丈185cm(4枚組) / ノクターンネイビー,3980,observed_product_currentPrice_excludes_delivery_surcharge,https://wowma.jp/item/704502086
observed-ct0-au-original-only,ct0,CT01178GR,【最大2000円OFFクーポン配布】カーテン 遮光 1級 2級 遮光カーテン 遮光率99.99% 幅100cm 幅150cm レースカーテンセット カーテンセット タッセル付き UVカット 厚手 断熱 遮熱 省エネ シンプル 無地 洗える ウォッシャブル ドレープカーテン おしゃれ / 100×178cm / ユーカリグリーン / あり,3780,observed_per_sku_taxIncludedPrice_excludes_delivery_coupon,https://item.rakuten.co.jp/weimall/ct0/,704502086,331810175:row=5:col=7,＼ランキング1位／【選べる17サイズ】 カーテン 4枚セット 遮光 レースカーテンセット 1級 三層構造 形状記憶 遮熱 遮像 防寒 洗える 遮光カーテン UVカット 幅100 幅150 4枚 2枚 カーテンセット カーテン4枚組 ミラーレース 厚手 省エネ 防音 無地 送料無料 / 幅100×丈178cm(4枚組) / ユーカリグリーン,3980,observed_product_currentPrice_excludes_delivery_surcharge,https://wowma.jp/item/704502086
observed-ct0-au-original-only,ct0,CT01105GY,【最大2000円OFFクーポン配布】カーテン 遮光 1級 2級 遮光カーテン 遮光率99.99% 幅100cm 幅150cm レースカーテンセット カーテンセット タッセル付き UVカット 厚手 断熱 遮熱 省エネ シンプル 無地 洗える ウォッシャブル ドレープカーテン おしゃれ / 100×105cm / ライトグレー / あり,2980,observed_per_sku_taxIncludedPrice_excludes_delivery_coupon,https://item.rakuten.co.jp/weimall/ct0/,704502086,331810175:row=2:col=2,＼ランキング1位／【選べる17サイズ】 カーテン 4枚セット 遮光 レースカーテンセット 1級 三層構造 形状記憶 遮熱 遮像 防寒 洗える 遮光カーテン UVカット 幅100 幅150 4枚 2枚 カーテンセット カーテン4枚組 ミラーレース 厚手 省エネ 防音 無地 送料無料 / 幅100×丈105cm(4枚組) / ライトグレー,3980,observed_product_currentPrice_excludes_delivery_surcharge,https://wowma.jp/item/704502086
observed-ct0-au-original-only,ct0,CT01120GY,【最大2000円OFFクーポン配布】カーテン 遮光 1級 2級 遮光カーテン 遮光率99.99% 幅100cm 幅150cm レースカーテンセット カーテンセット タッセル付き UVカット 厚手 断熱 遮熱 省エネ シンプル 無地 洗える ウォッシャブル ドレープカーテン おしゃれ / 100×120cm / ライトグレー / あり,3280,observed_per_sku_taxIncludedPrice_excludes_delivery_coupon,https://item.rakuten.co.jp/weimall/ct0/,704502086,331810175:row=2:col=4,＼ランキング1位／【選べる17サイズ】 カーテン 4枚セット 遮光 レースカーテンセット 1級 三層構造 形状記憶 遮熱 遮像 防寒 洗える 遮光カーテン UVカット 幅100 幅150 4枚 2枚 カーテンセット カーテン4枚組 ミラーレース 厚手 省エネ 防音 無地 送料無料 / 幅100×丈120cm(4枚組) / ライトグレー,3980,observed_product_currentPrice_excludes_delivery_surcharge,https://wowma.jp/item/704502086
observed-ct0-au-original-only,ct0,CT01178GY,【最大2000円OFFクーポン配布】カーテン 遮光 1級 2級 遮光カーテン 遮光率99.99% 幅100cm 幅150cm レースカーテンセット カーテンセット タッセル付き UVカット 厚手 断熱 遮熱 省エネ シンプル 無地 洗える ウォッシャブル ドレープカーテン おしゃれ / 100×178cm / ライトグレー / あり,3780,observed_per_sku_taxIncludedPrice_excludes_delivery_coupon,https://item.rakuten.co.jp/weimall/ct0/,704502086,331810175:row=2:col=7,＼ランキング1位／【選べる17サイズ】 カーテン 4枚セット 遮光 レースカーテンセット 1級 三層構造 形状記憶 遮熱 遮像 防寒 洗える 遮光カーテン UVカット 幅100 幅150 4枚 2枚 カーテンセット カーテン4枚組 ミラーレース 厚手 省エネ 防音 無地 送料無料 / 幅100×丈178cm(4枚組) / ライトグレー,3980,observed_product_currentPrice_excludes_delivery_surcharge,https://wowma.jp/item/704502086
observed-ct0-au-original-only,ct0,CT01105GR,【最大2000円OFFクーポン配布】カーテン 遮光 1級 2級 遮光カーテン 遮光率99.99% 幅100cm 幅150cm レースカーテンセット カーテンセット タッセル付き UVカット 厚手 断熱 遮熱 省エネ シンプル 無地 洗える ウォッシャブル ドレープカーテン おしゃれ / 100×105cm / ユーカリグリーン / あり,2980,observed_per_sku_taxIncludedPrice_excludes_delivery_coupon,https://item.rakuten.co.jp/weimall/ct0/,704502086,331810175:row=5:col=2,＼ランキング1位／【選べる17サイズ】 カーテン 4枚セット 遮光 レースカーテンセット 1級 三層構造 形状記憶 遮熱 遮像 防寒 洗える 遮光カーテン UVカット 幅100 幅150 4枚 2枚 カーテンセット カーテン4枚組 ミラーレース 厚手 省エネ 防音 無地 送料無料 / 幅100×丈105cm(4枚組) / ユーカリグリーン,3980,observed_product_currentPrice_excludes_delivery_surcharge,https://wowma.jp/item/704502086
observed-ct0-au-original-only,ct0,CT0180GY,【最大2000円OFFクーポン配布】カーテン 遮光 1級 2級 遮光カーテン 遮光率99.99% 幅100cm 幅150cm レースカーテンセット カーテンセット タッセル付き UVカット 厚手 断熱 遮熱 省エネ シンプル 無地 洗える ウォッシャブル ドレープカーテン おしゃれ / 100×80cm / ライトグレー / あり,2780,observed_per_sku_taxIncludedPrice_excludes_delivery_coupon,https://item.rakuten.co.jp/weimall/ct0/,704502086,331810175:row=2:col=0,＼ランキング1位／【選べる17サイズ】 カーテン 4枚セット 遮光 レースカーテンセット 1級 三層構造 形状記憶 遮熱 遮像 防寒 洗える 遮光カーテン UVカット 幅100 幅150 4枚 2枚 カーテンセット カーテン4枚組 ミラーレース 厚手 省エネ 防音 無地 送料無料 / 幅100×丈80cm(4枚組) / ライトグレー,3980,observed_product_currentPrice_excludes_delivery_surcharge,https://wowma.jp/item/704502086
observed-ct0-au-original-only,ct0,CT01120GR,【最大2000円OFFクーポン配布】カーテン 遮光 1級 2級 遮光カーテン 遮光率99.99% 幅100cm 幅150cm レースカーテンセット カーテンセット タッセル付き UVカット 厚手 断熱 遮熱 省エネ シンプル 無地 洗える ウォッシャブル ドレープカーテン おしゃれ / 100×120cm / ユーカリグリーン / あり,3280,observed_per_sku_taxIncludedPrice_excludes_delivery_coupon,https://item.rakuten.co.jp/weimall/ct0/,704502086,331810175:row=5:col=4,＼ランキング1位／【選べる17サイズ】 カーテン 4枚セット 遮光 レースカーテンセット 1級 三層構造 形状記憶 遮熱 遮像 防寒 洗える 遮光カーテン UVカット 幅100 幅150 4枚 2枚 カーテンセット カーテン4枚組 ミラーレース 厚手 省エネ 防音 無地 送料無料 / 幅100×丈120cm(4枚組) / ユーカリグリーン,3980,observed_product_currentPrice_excludes_delivery_surcharge,https://wowma.jp/item/704502086
observed-ct0-au-original-only,ct0,CT01135NV,【最大2000円OFFクーポン配布】カーテン 遮光 1級 2級 遮光カーテン 遮光率99.99% 幅100cm 幅150cm レースカーテンセット カーテンセット タッセル付き UVカット 厚手 断熱 遮熱 省エネ シンプル 無地 洗える ウォッシャブル ドレープカーテン おしゃれ / 100×135cm / ノクターンネイビー / あり,3380,observed_per_sku_taxIncludedPrice_excludes_delivery_coupon,https://item.rakuten.co.jp/weimall/ct0/,704502086,331810175:row=6:col=5,＼ランキング1位／【選べる17サイズ】 カーテン 4枚セット 遮光 レースカーテンセット 1級 三層構造 形状記憶 遮熱 遮像 防寒 洗える 遮光カーテン UVカット 幅100 幅150 4枚 2枚 カーテンセット カーテン4枚組 ミラーレース 厚手 省エネ 防音 無地 送料無料 / 幅100×丈135cm(4枚組) / ノクターンネイビー,3980,observed_product_currentPrice_excludes_delivery_surcharge,https://wowma.jp/item/704502086
observed-ct0-au-original-only,ct0,CT01190BE,【最大2000円OFFクーポン配布】カーテン 遮光 1級 2級 遮光カーテン 遮光率99.99% 幅100cm 幅150cm レースカーテンセット カーテンセット タッセル付き UVカット 厚手 断熱 遮熱 省エネ シンプル 無地 洗える ウォッシャブル ドレープカーテン おしゃれ / 100×190cm / ベージュ / あり,4180,observed_per_sku_taxIncludedPrice_excludes_delivery_coupon,https://item.rakuten.co.jp/weimall/ct0/,704502086,331810175:row=0:col=9,＼ランキング1位／【選べる17サイズ】 カーテン 4枚セット 遮光 レースカーテンセット 1級 三層構造 形状記憶 遮熱 遮像 防寒 洗える 遮光カーテン UVカット 幅100 幅150 4枚 2枚 カーテンセット カーテン4枚組 ミラーレース 厚手 省エネ 防音 無地 送料無料 / 幅100×丈190cm(4枚組) / ベージュ,3980,observed_product_currentPrice_excludes_delivery_surcharge,https://wowma.jp/item/704502086
observed-ct0-au-original-only,ct0,CT02135GR,【最大2000円OFFクーポン配布】カーテン 遮光 1級 2級 遮光カーテン 遮光率99.99% 幅100cm 幅150cm レースカーテンセット カーテンセット タッセル付き UVカット 厚手 断熱 遮熱 省エネ シンプル 無地 洗える ウォッシャブル ドレープカーテン おしゃれ / 150×135cm / ユーカリグリーン / あり,3480,observed_per_sku_taxIncludedPrice_excludes_delivery_coupon,https://item.rakuten.co.jp/weimall/ct0/,704502086,331810175:row=5:col=14,＼ランキング1位／【選べる17サイズ】 カーテン 4枚セット 遮光 レースカーテンセット 1級 三層構造 形状記憶 遮熱 遮像 防寒 洗える 遮光カーテン UVカット 幅100 幅150 4枚 2枚 カーテンセット カーテン4枚組 ミラーレース 厚手 省エネ 防音 無地 送料無料 / 幅150×丈135cm(2枚組) / ユーカリグリーン,3980,observed_product_currentPrice_excludes_delivery_surcharge,https://wowma.jp/item/704502086
observed-ct0-au-original-only,ct0,CT0180GR,【最大2000円OFFクーポン配布】カーテン 遮光 1級 2級 遮光カーテン 遮光率99.99% 幅100cm 幅150cm レースカーテンセット カーテンセット タッセル付き UVカット 厚手 断熱 遮熱 省エネ シンプル 無地 洗える ウォッシャブル ドレープカーテン おしゃれ / 100×80cm / ユーカリグリーン / あり,2780,observed_per_sku_taxIncludedPrice_excludes_delivery_coupon,https://item.rakuten.co.jp/weimall/ct0/,704502086,331810175:row=5:col=0,＼ランキング1位／【選べる17サイズ】 カーテン 4枚セット 遮光 レースカーテンセット 1級 三層構造 形状記憶 遮熱 遮像 防寒 洗える 遮光カーテン UVカット 幅100 幅150 4枚 2枚 カーテンセット カーテン4枚組 ミラーレース 厚手 省エネ 防音 無地 送料無料 / 幅100×丈80cm(4枚組) / ユーカリグリーン,3980,observed_product_currentPrice_excludes_delivery_surcharge,https://wowma.jp/item/704502086
observed-ct0-au-original-only,ct0,CT01150NV,【最大2000円OFFクーポン配布】カーテン 遮光 1級 2級 遮光カーテン 遮光率99.99% 幅100cm 幅150cm レースカーテンセット カーテンセット タッセル付き UVカット 厚手 断熱 遮熱 省エネ シンプル 無地 洗える ウォッシャブル ドレープカーテン おしゃれ / 100×150cm / ノクターンネイビー / あり,3680,observed_per_sku_taxIncludedPrice_excludes_delivery_coupon,https://item.rakuten.co.jp/weimall/ct0/,704502086,331810175:row=6:col=6,＼ランキング1位／【選べる17サイズ】 カーテン 4枚セット 遮光 レースカーテンセット 1級 三層構造 形状記憶 遮熱 遮像 防寒 洗える 遮光カーテン UVカット 幅100 幅150 4枚 2枚 カーテンセット カーテン4枚組 ミラーレース 厚手 省エネ 防音 無地 送料無料 / 幅100×丈150cm(4枚組) / ノクターンネイビー,3980,observed_product_currentPrice_excludes_delivery_surcharge,https://wowma.jp/item/704502086
observed-ct0-au-original-only,ct0,CT01190BK,【最大2000円OFFクーポン配布】カーテン 遮光 1級 2級 遮光カーテン 遮光率99.99% 幅100cm 幅150cm レースカーテンセット カーテンセット タッセル付き UVカット 厚手 断熱 遮熱 省エネ シンプル 無地 洗える ウォッシャブル ドレープカーテン おしゃれ / 100×190cm / コールブラック / あり,4180,observed_per_sku_taxIncludedPrice_excludes_delivery_coupon,https://item.rakuten.co.jp/weimall/ct0/,704502086,331810175:row=7:col=9,＼ランキング1位／【選べる17サイズ】 カーテン 4枚セット 遮光 レースカーテンセット 1級 三層構造 形状記憶 遮熱 遮像 防寒 洗える 遮光カーテン UVカット 幅100 幅150 4枚 2枚 カーテンセット カーテン4枚組 ミラーレース 厚手 省エネ 防音 無地 送料無料 / 幅100×丈190cm(4枚組) / コールブラック,3980,observed_product_currentPrice_excludes_delivery_surcharge,https://wowma.jp/item/704502086
observed-ct0-au-original-only,ct0,CT02178SG,【最大2000円OFFクーポン配布】カーテン 遮光 1級 2級 遮光カーテン 遮光率99.99% 幅100cm 幅150cm レースカーテンセット カーテンセット タッセル付き UVカット 厚手 断熱 遮熱 省エネ シンプル 無地 洗える ウォッシャブル ドレープカーテン おしゃれ / 150×178cm / スモークグレー / あり,3880,observed_per_sku_taxIncludedPrice_excludes_delivery_coupon,https://item.rakuten.co.jp/weimall/ct0/,704502086,331810175:row=3:col=15,＼ランキング1位／【選べる17サイズ】 カーテン 4枚セット 遮光 レースカーテンセット 1級 三層構造 形状記憶 遮熱 遮像 防寒 洗える 遮光カーテン UVカット 幅100 幅150 4枚 2枚 カーテンセット カーテン4枚組 ミラーレース 厚手 省エネ 防音 無地 送料無料 / 幅150×丈178cm(2枚組) / スモークグレー,3980,observed_product_currentPrice_excludes_delivery_surcharge,https://wowma.jp/item/704502086
observed-ct0-au-original-only,ct0,CT01110GY,【最大2000円OFFクーポン配布】カーテン 遮光 1級 2級 遮光カーテン 遮光率99.99% 幅100cm 幅150cm レースカーテンセット カーテンセット タッセル付き UVカット 厚手 断熱 遮熱 省エネ シンプル 無地 洗える ウォッシャブル ドレープカーテン おしゃれ / 100×110cm / ライトグレー / あり,3180,observed_per_sku_taxIncludedPrice_excludes_delivery_coupon,https://item.rakuten.co.jp/weimall/ct0/,704502086,331810175:row=2:col=3,＼ランキング1位／【選べる17サイズ】 カーテン 4枚セット 遮光 レースカーテンセット 1級 三層構造 形状記憶 遮熱 遮像 防寒 洗える 遮光カーテン UVカット 幅100 幅150 4枚 2枚 カーテンセット カーテン4枚組 ミラーレース 厚手 省エネ 防音 無地 送料無料 / 幅100×丈110cm(4枚組) / ライトグレー,3980,observed_product_currentPrice_excludes_delivery_surcharge,https://wowma.jp/item/704502086
observed-ct0-au-original-only,ct0,CT01110GR,【最大2000円OFFクーポン配布】カーテン 遮光 1級 2級 遮光カーテン 遮光率99.99% 幅100cm 幅150cm レースカーテンセット カーテンセット タッセル付き UVカット 厚手 断熱 遮熱 省エネ シンプル 無地 洗える ウォッシャブル ドレープカーテン おしゃれ / 100×110cm / ユーカリグリーン / あり,3180,observed_per_sku_taxIncludedPrice_excludes_delivery_coupon,https://item.rakuten.co.jp/weimall/ct0/,704502086,331810175:row=5:col=3,＼ランキング1位／【選べる17サイズ】 カーテン 4枚セット 遮光 レースカーテンセット 1級 三層構造 形状記憶 遮熱 遮像 防寒 洗える 遮光カーテン UVカット 幅100 幅150 4枚 2枚 カーテンセット カーテン4枚組 ミラーレース 厚手 省エネ 防音 無地 送料無料 / 幅100×丈110cm(4枚組) / ユーカリグリーン,3980,observed_product_currentPrice_excludes_delivery_surcharge,https://wowma.jp/item/704502086
observed-ct0-au-original-only,ct0,CT0190GY,【最大2000円OFFクーポン配布】カーテン 遮光 1級 2級 遮光カーテン 遮光率99.99% 幅100cm 幅150cm レースカーテンセット カーテンセット タッセル付き UVカット 厚手 断熱 遮熱 省エネ シンプル 無地 洗える ウォッシャブル ドレープカーテン おしゃれ / 100×90cm / ライトグレー / あり,2880,observed_per_sku_taxIncludedPrice_excludes_delivery_coupon,https://item.rakuten.co.jp/weimall/ct0/,704502086,331810175:row=2:col=1,＼ランキング1位／【選べる17サイズ】 カーテン 4枚セット 遮光 レースカーテンセット 1級 三層構造 形状記憶 遮熱 遮像 防寒 洗える 遮光カーテン UVカット 幅100 幅150 4枚 2枚 カーテンセット カーテン4枚組 ミラーレース 厚手 省エネ 防音 無地 送料無料 / 幅100×丈90cm(4枚組) / ライトグレー,3980,observed_product_currentPrice_excludes_delivery_surcharge,https://wowma.jp/item/704502086
observed-ct0-au-original-only,ct0,CT02178BE,【最大2000円OFFクーポン配布】カーテン 遮光 1級 2級 遮光カーテン 遮光率99.99% 幅100cm 幅150cm レースカーテンセット カーテンセット タッセル付き UVカット 厚手 断熱 遮熱 省エネ シンプル 無地 洗える ウォッシャブル ドレープカーテン おしゃれ / 150×178cm / ベージュ / あり,3880,observed_per_sku_taxIncludedPrice_excludes_delivery_coupon,https://item.rakuten.co.jp/weimall/ct0/,704502086,331810175:row=0:col=15,＼ランキング1位／【選べる17サイズ】 カーテン 4枚セット 遮光 レースカーテンセット 1級 三層構造 形状記憶 遮熱 遮像 防寒 洗える 遮光カーテン UVカット 幅100 幅150 4枚 2枚 カーテンセット カーテン4枚組 ミラーレース 厚手 省エネ 防音 無地 送料無料 / 幅150×丈178cm(2枚組) / ベージュ,3980,observed_product_currentPrice_excludes_delivery_surcharge,https://wowma.jp/item/704502086
observed-ct0-au-original-only,ct0,CT02178BR,【最大2000円OFFクーポン配布】カーテン 遮光 1級 2級 遮光カーテン 遮光率99.99% 幅100cm 幅150cm レースカーテンセット カーテンセット タッセル付き UVカット 厚手 断熱 遮熱 省エネ シンプル 無地 洗える ウォッシャブル ドレープカーテン おしゃれ / 150×178cm / カフェブラウン / あり,3880,observed_per_sku_taxIncludedPrice_excludes_delivery_coupon,https://item.rakuten.co.jp/weimall/ct0/,704502086,331810175:row=8:col=15,＼ランキング1位／【選べる17サイズ】 カーテン 4枚セット 遮光 レースカーテンセット 1級 三層構造 形状記憶 遮熱 遮像 防寒 洗える 遮光カーテン UVカット 幅100 幅150 4枚 2枚 カーテンセット カーテン4枚組 ミラーレース 厚手 省エネ 防音 無地 送料無料 / 幅150×丈178cm(2枚組) / カフェブラウン,3980,observed_product_currentPrice_excludes_delivery_surcharge,https://wowma.jp/item/704502086
observed-ct0-au-original-only,ct0,CT02178SB,【最大2000円OFFクーポン配布】カーテン 遮光 1級 2級 遮光カーテン 遮光率99.99% 幅100cm 幅150cm レースカーテンセット カーテンセット タッセル付き UVカット 厚手 断熱 遮熱 省エネ シンプル 無地 洗える ウォッシャブル ドレープカーテン おしゃれ / 150×178cm / サンドベージュ / あり,3880,observed_per_sku_taxIncludedPrice_excludes_delivery_coupon,https://item.rakuten.co.jp/weimall/ct0/,704502086,331810175:row=4:col=15,＼ランキング1位／【選べる17サイズ】 カーテン 4枚セット 遮光 レースカーテンセット 1級 三層構造 形状記憶 遮熱 遮像 防寒 洗える 遮光カーテン UVカット 幅100 幅150 4枚 2枚 カーテンセット カーテン4枚組 ミラーレース 厚手 省エネ 防音 無地 送料無料 / 幅150×丈178cm(2枚組) / サンドベージュ,3980,observed_product_currentPrice_excludes_delivery_surcharge,https://wowma.jp/item/704502086
observed-ct0-au-original-only,ct0,CT0190GR,【最大2000円OFFクーポン配布】カーテン 遮光 1級 2級 遮光カーテン 遮光率99.99% 幅100cm 幅150cm レースカーテンセット カーテンセット タッセル付き UVカット 厚手 断熱 遮熱 省エネ シンプル 無地 洗える ウォッシャブル ドレープカーテン おしゃれ / 100×90cm / ユーカリグリーン / あり,2880,observed_per_sku_taxIncludedPrice_excludes_delivery_coupon,https://item.rakuten.co.jp/weimall/ct0/,704502086,331810175:row=5:col=1,＼ランキング1位／【選べる17サイズ】 カーテン 4枚セット 遮光 レースカーテンセット 1級 三層構造 形状記憶 遮熱 遮像 防寒 洗える 遮光カーテン UVカット 幅100 幅150 4枚 2枚 カーテンセット カーテン4枚組 ミラーレース 厚手 省エネ 防音 無地 送料無料 / 幅100×丈90cm(4枚組) / ユーカリグリーン,3980,observed_product_currentPrice_excludes_delivery_surcharge,https://wowma.jp/item/704502086
observed-ct0-au-original-only,ct0,CT01200NV,【最大2000円OFFクーポン配布】カーテン 遮光 1級 2級 遮光カーテン 遮光率99.99% 幅100cm 幅150cm レースカーテンセット カーテンセット タッセル付き UVカット 厚手 断熱 遮熱 省エネ シンプル 無地 洗える ウォッシャブル ドレープカーテン おしゃれ / 100×200cm / ノクターンネイビー / あり,4280,observed_per_sku_taxIncludedPrice_excludes_delivery_coupon,https://item.rakuten.co.jp/weimall/ct0/,704502086,331810175:row=6:col=10,＼ランキング1位／【選べる17サイズ】 カーテン 4枚セット 遮光 レースカーテンセット 1級 三層構造 形状記憶 遮熱 遮像 防寒 洗える 遮光カーテン UVカット 幅100 幅150 4枚 2枚 カーテンセット カーテン4枚組 ミラーレース 厚手 省エネ 防音 無地 送料無料 / 幅100×丈200cm(4枚組) / ノクターンネイビー,3980,observed_product_currentPrice_excludes_delivery_surcharge,https://wowma.jp/item/704502086
observed-ct0-au-original-only,ct0,CT02178CG,【最大2000円OFFクーポン配布】カーテン 遮光 1級 2級 遮光カーテン 遮光率99.99% 幅100cm 幅150cm レースカーテンセット カーテンセット タッセル付き UVカット 厚手 断熱 遮熱 省エネ シンプル 無地 洗える ウォッシャブル ドレープカーテン おしゃれ / 150×178cm / アイスグレー / あり,3880,observed_per_sku_taxIncludedPrice_excludes_delivery_coupon,https://item.rakuten.co.jp/weimall/ct0/,704502086,331810175:row=1:col=15,＼ランキング1位／【選べる17サイズ】 カーテン 4枚セット 遮光 レースカーテンセット 1級 三層構造 形状記憶 遮熱 遮像 防寒 洗える 遮光カーテン UVカット 幅100 幅150 4枚 2枚 カーテンセット カーテン4枚組 ミラーレース 厚手 省エネ 防音 無地 送料無料 / 幅150×丈178cm(2枚組) / アイスグレー,3980,observed_product_currentPrice_excludes_delivery_surcharge,https://wowma.jp/item/704502086
observed-ct0-au-original-only,ct0,CT01185CG,【最大2000円OFFクーポン配布】カーテン 遮光 1級 2級 遮光カーテン 遮光率99.99% 幅100cm 幅150cm レースカーテンセット カーテンセット タッセル付き UVカット 厚手 断熱 遮熱 省エネ シンプル 無地 洗える ウォッシャブル ドレープカーテン おしゃれ / 100×185cm / アイスグレー / あり,3980,observed_per_sku_taxIncludedPrice_excludes_delivery_coupon,https://item.rakuten.co.jp/weimall/ct0/,704502086,331810175:row=1:col=8,＼ランキング1位／【選べる17サイズ】 カーテン 4枚セット 遮光 レースカーテンセット 1級 三層構造 形状記憶 遮熱 遮像 防寒 洗える 遮光カーテン UVカット 幅100 幅150 4枚 2枚 カーテンセット カーテン4枚組 ミラーレース 厚手 省エネ 防音 無地 送料無料 / 幅100×丈185cm(4枚組) / アイスグレー,3980,observed_product_currentPrice_excludes_delivery_surcharge,https://wowma.jp/item/704502086
observed-ct0-au-original-only,ct0,CT01150BE,【最大2000円OFFクーポン配布】カーテン 遮光 1級 2級 遮光カーテン 遮光率99.99% 幅100cm 幅150cm レースカーテンセット カーテンセット タッセル付き UVカット 厚手 断熱 遮熱 省エネ シンプル 無地 洗える ウォッシャブル ドレープカーテン おしゃれ / 100×150cm / ベージュ / あり,3680,observed_per_sku_taxIncludedPrice_excludes_delivery_coupon,https://item.rakuten.co.jp/weimall/ct0/,704502086,331810175:row=0:col=6,＼ランキング1位／【選べる17サイズ】 カーテン 4枚セット 遮光 レースカーテンセット 1級 三層構造 形状記憶 遮熱 遮像 防寒 洗える 遮光カーテン UVカット 幅100 幅150 4枚 2枚 カーテンセット カーテン4枚組 ミラーレース 厚手 省エネ 防音 無地 送料無料 / 幅100×丈150cm(4枚組) / ベージュ,3980,observed_product_currentPrice_excludes_delivery_surcharge,https://wowma.jp/item/704502086
observed-ct0-au-original-only,ct0,CT01210BK,【最大2000円OFFクーポン配布】カーテン 遮光 1級 2級 遮光カーテン 遮光率99.99% 幅100cm 幅150cm レースカーテンセット カーテンセット タッセル付き UVカット 厚手 断熱 遮熱 省エネ シンプル 無地 洗える ウォッシャブル ドレープカーテン おしゃれ / 100×210cm / コールブラック / あり,4380,observed_per_sku_taxIncludedPrice_excludes_delivery_coupon,https://item.rakuten.co.jp/weimall/ct0/,704502086,331810175:row=7:col=11,＼ランキング1位／【選べる17サイズ】 カーテン 4枚セット 遮光 レースカーテンセット 1級 三層構造 形状記憶 遮熱 遮像 防寒 洗える 遮光カーテン UVカット 幅100 幅150 4枚 2枚 カーテンセット カーテン4枚組 ミラーレース 厚手 省エネ 防音 無地 送料無料 / 幅100×丈210cm(4枚組) / コールブラック,3980,observed_product_currentPrice_excludes_delivery_surcharge,https://wowma.jp/item/704502086
observed-ct0-au-original-only,ct0,CT01210SB,【最大2000円OFFクーポン配布】カーテン 遮光 1級 2級 遮光カーテン 遮光率99.99% 幅100cm 幅150cm レースカーテンセット カーテンセット タッセル付き UVカット 厚手 断熱 遮熱 省エネ シンプル 無地 洗える ウォッシャブル ドレープカーテン おしゃれ / 100×210cm / サンドベージュ / あり,4380,observed_per_sku_taxIncludedPrice_excludes_delivery_coupon,https://item.rakuten.co.jp/weimall/ct0/,704502086,331810175:row=4:col=11,＼ランキング1位／【選べる17サイズ】 カーテン 4枚セット 遮光 レースカーテンセット 1級 三層構造 形状記憶 遮熱 遮像 防寒 洗える 遮光カーテン UVカット 幅100 幅150 4枚 2枚 カーテンセット カーテン4枚組 ミラーレース 厚手 省エネ 防音 無地 送料無料 / 幅100×丈210cm(4枚組) / サンドベージュ,3980,observed_product_currentPrice_excludes_delivery_surcharge,https://wowma.jp/item/704502086
observed-ct0-au-original-only,ct0,CT02200NV,【最大2000円OFFクーポン配布】カーテン 遮光 1級 2級 遮光カーテン 遮光率99.99% 幅100cm 幅150cm レースカーテンセット カーテンセット タッセル付き UVカット 厚手 断熱 遮熱 省エネ シンプル 無地 洗える ウォッシャブル ドレープカーテン おしゃれ / 150×200cm / ノクターンネイビー / あり,3880,observed_per_sku_taxIncludedPrice_excludes_delivery_coupon,https://item.rakuten.co.jp/weimall/ct0/,704502086,331810175:row=6:col=16,＼ランキング1位／【選べる17サイズ】 カーテン 4枚セット 遮光 レースカーテンセット 1級 三層構造 形状記憶 遮熱 遮像 防寒 洗える 遮光カーテン UVカット 幅100 幅150 4枚 2枚 カーテンセット カーテン4枚組 ミラーレース 厚手 省エネ 防音 無地 送料無料 / 幅150×丈200cm(2枚組) / ノクターンネイビー,3980,observed_product_currentPrice_excludes_delivery_surcharge,https://wowma.jp/item/704502086
observed-ct0-au-original-only,ct0,CT01210BE,【最大2000円OFFクーポン配布】カーテン 遮光 1級 2級 遮光カーテン 遮光率99.99% 幅100cm 幅150cm レースカーテンセット カーテンセット タッセル付き UVカット 厚手 断熱 遮熱 省エネ シンプル 無地 洗える ウォッシャブル ドレープカーテン おしゃれ / 100×210cm / ベージュ / あり,4380,observed_per_sku_taxIncludedPrice_excludes_delivery_coupon,https://item.rakuten.co.jp/weimall/ct0/,704502086,331810175:row=0:col=11,＼ランキング1位／【選べる17サイズ】 カーテン 4枚セット 遮光 レースカーテンセット 1級 三層構造 形状記憶 遮熱 遮像 防寒 洗える 遮光カーテン UVカット 幅100 幅150 4枚 2枚 カーテンセット カーテン4枚組 ミラーレース 厚手 省エネ 防音 無地 送料無料 / 幅100×丈210cm(4枚組) / ベージュ,3980,observed_product_currentPrice_excludes_delivery_surcharge,https://wowma.jp/item/704502086
observed-ct0-au-original-only,ct0,CT01150CG,【最大2000円OFFクーポン配布】カーテン 遮光 1級 2級 遮光カーテン 遮光率99.99% 幅100cm 幅150cm レースカーテンセット カーテンセット タッセル付き UVカット 厚手 断熱 遮熱 省エネ シンプル 無地 洗える ウォッシャブル ドレープカーテン おしゃれ / 100×150cm / アイスグレー / あり,3680,observed_per_sku_taxIncludedPrice_excludes_delivery_coupon,https://item.rakuten.co.jp/weimall/ct0/,704502086,331810175:row=1:col=6,＼ランキング1位／【選べる17サイズ】 カーテン 4枚セット 遮光 レースカーテンセット 1級 三層構造 形状記憶 遮熱 遮像 防寒 洗える 遮光カーテン UVカット 幅100 幅150 4枚 2枚 カーテンセット カーテン4枚組 ミラーレース 厚手 省エネ 防音 無地 送料無料 / 幅100×丈150cm(4枚組) / アイスグレー,3980,observed_product_currentPrice_excludes_delivery_surcharge,https://wowma.jp/item/704502086
observed-ct0-au-original-only,ct0,CT01185BK,【最大2000円OFFクーポン配布】カーテン 遮光 1級 2級 遮光カーテン 遮光率99.99% 幅100cm 幅150cm レースカーテンセット カーテンセット タッセル付き UVカット 厚手 断熱 遮熱 省エネ シンプル 無地 洗える ウォッシャブル ドレープカーテン おしゃれ / 100×185cm / コールブラック / あり,3980,observed_per_sku_taxIncludedPrice_excludes_delivery_coupon,https://item.rakuten.co.jp/weimall/ct0/,704502086,331810175:row=7:col=8,＼ランキング1位／【選べる17サイズ】 カーテン 4枚セット 遮光 レースカーテンセット 1級 三層構造 形状記憶 遮熱 遮像 防寒 洗える 遮光カーテン UVカット 幅100 幅150 4枚 2枚 カーテンセット カーテン4枚組 ミラーレース 厚手 省エネ 防音 無地 送料無料 / 幅100×丈185cm(4枚組) / コールブラック,3980,observed_product_currentPrice_excludes_delivery_surcharge,https://wowma.jp/item/704502086
observed-ct0-au-original-only,ct0,CT01220NV,【最大2000円OFFクーポン配布】カーテン 遮光 1級 2級 遮光カーテン 遮光率99.99% 幅100cm 幅150cm レースカーテンセット カーテンセット タッセル付き UVカット 厚手 断熱 遮熱 省エネ シンプル 無地 洗える ウォッシャブル ドレープカーテン おしゃれ / 100×220cm / ノクターンネイビー / あり,4580,observed_per_sku_taxIncludedPrice_excludes_delivery_coupon,https://item.rakuten.co.jp/weimall/ct0/,704502086,331810175:row=6:col=12,＼ランキング1位／【選べる17サイズ】 カーテン 4枚セット 遮光 レースカーテンセット 1級 三層構造 形状記憶 遮熱 遮像 防寒 洗える 遮光カーテン UVカット 幅100 幅150 4枚 2枚 カーテンセット カーテン4枚組 ミラーレース 厚手 省エネ 防音 無地 送料無料 / 幅100×丈220cm(4枚組) / ノクターンネイビー,3980,observed_product_currentPrice_excludes_delivery_surcharge,https://wowma.jp/item/704502086
observed-ct0-au-original-only,ct0,CT01185SB,【最大2000円OFFクーポン配布】カーテン 遮光 1級 2級 遮光カーテン 遮光率99.99% 幅100cm 幅150cm レースカーテンセット カーテンセット タッセル付き UVカット 厚手 断熱 遮熱 省エネ シンプル 無地 洗える ウォッシャブル ドレープカーテン おしゃれ / 100×185cm / サンドベージュ / あり,3980,observed_per_sku_taxIncludedPrice_excludes_delivery_coupon,https://item.rakuten.co.jp/weimall/ct0/,704502086,331810175:row=4:col=8,＼ランキング1位／【選べる17サイズ】 カーテン 4枚セット 遮光 レースカーテンセット 1級 三層構造 形状記憶 遮熱 遮像 防寒 洗える 遮光カーテン UVカット 幅100 幅150 4枚 2枚 カーテンセット カーテン4枚組 ミラーレース 厚手 省エネ 防音 無地 送料無料 / 幅100×丈185cm(4枚組) / サンドベージュ,3980,observed_product_currentPrice_excludes_delivery_surcharge,https://wowma.jp/item/704502086
observed-ct0-au-original-only,ct0,CT01135SG,【最大2000円OFFクーポン配布】カーテン 遮光 1級 2級 遮光カーテン 遮光率99.99% 幅100cm 幅150cm レースカーテンセット カーテンセット タッセル付き UVカット 厚手 断熱 遮熱 省エネ シンプル 無地 洗える ウォッシャブル ドレープカーテン おしゃれ / 100×135cm / スモークグレー / あり,3380,observed_per_sku_taxIncludedPrice_excludes_delivery_coupon,https://item.rakuten.co.jp/weimall/ct0/,704502086,331810175:row=3:col=5,＼ランキング1位／【選べる17サイズ】 カーテン 4枚セット 遮光 レースカーテンセット 1級 三層構造 形状記憶 遮熱 遮像 防寒 洗える 遮光カーテン UVカット 幅100 幅150 4枚 2枚 カーテンセット カーテン4枚組 ミラーレース 厚手 省エネ 防音 無地 送料無料 / 幅100×丈135cm(4枚組) / スモークグレー,3980,observed_product_currentPrice_excludes_delivery_surcharge,https://wowma.jp/item/704502086
observed-ct0-au-original-only,ct0,CT01185BR,【最大2000円OFFクーポン配布】カーテン 遮光 1級 2級 遮光カーテン 遮光率99.99% 幅100cm 幅150cm レースカーテンセット カーテンセット タッセル付き UVカット 厚手 断熱 遮熱 省エネ シンプル 無地 洗える ウォッシャブル ドレープカーテン おしゃれ / 100×185cm / カフェブラウン / あり,3980,observed_per_sku_taxIncludedPrice_excludes_delivery_coupon,https://item.rakuten.co.jp/weimall/ct0/,704502086,331810175:row=8:col=8,＼ランキング1位／【選べる17サイズ】 カーテン 4枚セット 遮光 レースカーテンセット 1級 三層構造 形状記憶 遮熱 遮像 防寒 洗える 遮光カーテン UVカット 幅100 幅150 4枚 2枚 カーテンセット カーテン4枚組 ミラーレース 厚手 省エネ 防音 無地 送料無料 / 幅100×丈185cm(4枚組) / カフェブラウン,3980,observed_product_currentPrice_excludes_delivery_surcharge,https://wowma.jp/item/704502086
observed-ct0-au-original-only,ct0,CT01135SB,【最大2000円OFFクーポン配布】カーテン 遮光 1級 2級 遮光カーテン 遮光率99.99% 幅100cm 幅150cm レースカーテンセット カーテンセット タッセル付き UVカット 厚手 断熱 遮熱 省エネ シンプル 無地 洗える ウォッシャブル ドレープカーテン おしゃれ / 100×135cm / サンドベージュ / あり,3380,observed_per_sku_taxIncludedPrice_excludes_delivery_coupon,https://item.rakuten.co.jp/weimall/ct0/,704502086,331810175:row=4:col=5,＼ランキング1位／【選べる17サイズ】 カーテン 4枚セット 遮光 レースカーテンセット 1級 三層構造 形状記憶 遮熱 遮像 防寒 洗える 遮光カーテン UVカット 幅100 幅150 4枚 2枚 カーテンセット カーテン4枚組 ミラーレース 厚手 省エネ 防音 無地 送料無料 / 幅100×丈135cm(4枚組) / サンドベージュ,3980,observed_product_currentPrice_excludes_delivery_surcharge,https://wowma.jp/item/704502086
observed-ct0-au-original-only,ct0,CT01150SG,【最大2000円OFFクーポン配布】カーテン 遮光 1級 2級 遮光カーテン 遮光率99.99% 幅100cm 幅150cm レースカーテンセット カーテンセット タッセル付き UVカット 厚手 断熱 遮熱 省エネ シンプル 無地 洗える ウォッシャブル ドレープカーテン おしゃれ / 100×150cm / スモークグレー / あり,3680,observed_per_sku_taxIncludedPrice_excludes_delivery_coupon,https://item.rakuten.co.jp/weimall/ct0/,704502086,331810175:row=3:col=6,＼ランキング1位／【選べる17サイズ】 カーテン 4枚セット 遮光 レースカーテンセット 1級 三層構造 形状記憶 遮熱 遮像 防寒 洗える 遮光カーテン UVカット 幅100 幅150 4枚 2枚 カーテンセット カーテン4枚組 ミラーレース 厚手 省エネ 防音 無地 送料無料 / 幅100×丈150cm(4枚組) / スモークグレー,3980,observed_product_currentPrice_excludes_delivery_surcharge,https://wowma.jp/item/704502086
observed-ct0-au-original-only,ct0,CT01185SG,【最大2000円OFFクーポン配布】カーテン 遮光 1級 2級 遮光カーテン 遮光率99.99% 幅100cm 幅150cm レースカーテンセット カーテンセット タッセル付き UVカット 厚手 断熱 遮熱 省エネ シンプル 無地 洗える ウォッシャブル ドレープカーテン おしゃれ / 100×185cm / スモークグレー / あり,3980,observed_per_sku_taxIncludedPrice_excludes_delivery_coupon,https://item.rakuten.co.jp/weimall/ct0/,704502086,331810175:row=3:col=8,＼ランキング1位／【選べる17サイズ】 カーテン 4枚セット 遮光 レースカーテンセット 1級 三層構造 形状記憶 遮熱 遮像 防寒 洗える 遮光カーテン UVカット 幅100 幅150 4枚 2枚 カーテンセット カーテン4枚組 ミラーレース 厚手 省エネ 防音 無地 送料無料 / 幅100×丈185cm(4枚組) / スモークグレー,3980,observed_product_currentPrice_excludes_delivery_surcharge,https://wowma.jp/item/704502086
observed-ct0-au-original-only,ct0,CT01135BK,【最大2000円OFFクーポン配布】カーテン 遮光 1級 2級 遮光カーテン 遮光率99.99% 幅100cm 幅150cm レースカーテンセット カーテンセット タッセル付き UVカット 厚手 断熱 遮熱 省エネ シンプル 無地 洗える ウォッシャブル ドレープカーテン おしゃれ / 100×135cm / コールブラック / あり,3380,observed_per_sku_taxIncludedPrice_excludes_delivery_coupon,https://item.rakuten.co.jp/weimall/ct0/,704502086,331810175:row=7:col=5,＼ランキング1位／【選べる17サイズ】 カーテン 4枚セット 遮光 レースカーテンセット 1級 三層構造 形状記憶 遮熱 遮像 防寒 洗える 遮光カーテン UVカット 幅100 幅150 4枚 2枚 カーテンセット カーテン4枚組 ミラーレース 厚手 省エネ 防音 無地 送料無料 / 幅100×丈135cm(4枚組) / コールブラック,3980,observed_product_currentPrice_excludes_delivery_surcharge,https://wowma.jp/item/704502086
observed-ct0-au-original-only,ct0,CT01150BR,【最大2000円OFFクーポン配布】カーテン 遮光 1級 2級 遮光カーテン 遮光率99.99% 幅100cm 幅150cm レースカーテンセット カーテンセット タッセル付き UVカット 厚手 断熱 遮熱 省エネ シンプル 無地 洗える ウォッシャブル ドレープカーテン おしゃれ / 100×150cm / カフェブラウン / あり,3680,observed_per_sku_taxIncludedPrice_excludes_delivery_coupon,https://item.rakuten.co.jp/weimall/ct0/,704502086,331810175:row=8:col=6,＼ランキング1位／【選べる17サイズ】 カーテン 4枚セット 遮光 レースカーテンセット 1級 三層構造 形状記憶 遮熱 遮像 防寒 洗える 遮光カーテン UVカット 幅100 幅150 4枚 2枚 カーテンセット カーテン4枚組 ミラーレース 厚手 省エネ 防音 無地 送料無料 / 幅100×丈150cm(4枚組) / カフェブラウン,3980,observed_product_currentPrice_excludes_delivery_surcharge,https://wowma.jp/item/704502086
observed-ct0-au-original-only,ct0,CT01150SB,【最大2000円OFFクーポン配布】カーテン 遮光 1級 2級 遮光カーテン 遮光率99.99% 幅100cm 幅150cm レースカーテンセット カーテンセット タッセル付き UVカット 厚手 断熱 遮熱 省エネ シンプル 無地 洗える ウォッシャブル ドレープカーテン おしゃれ / 100×150cm / サンドベージュ / あり,3680,observed_per_sku_taxIncludedPrice_excludes_delivery_coupon,https://item.rakuten.co.jp/weimall/ct0/,704502086,331810175:row=4:col=6,＼ランキング1位／【選べる17サイズ】 カーテン 4枚セット 遮光 レースカーテンセット 1級 三層構造 形状記憶 遮熱 遮像 防寒 洗える 遮光カーテン UVカット 幅100 幅150 4枚 2枚 カーテンセット カーテン4枚組 ミラーレース 厚手 省エネ 防音 無地 送料無料 / 幅100×丈150cm(4枚組) / サンドベージュ,3980,observed_product_currentPrice_excludes_delivery_surcharge,https://wowma.jp/item/704502086
observed-ct0-au-original-only,ct0,CT01135BE,【最大2000円OFFクーポン配布】カーテン 遮光 1級 2級 遮光カーテン 遮光率99.99% 幅100cm 幅150cm レースカーテンセット カーテンセット タッセル付き UVカット 厚手 断熱 遮熱 省エネ シンプル 無地 洗える ウォッシャブル ドレープカーテン おしゃれ / 100×135cm / ベージュ / あり,3380,observed_per_sku_taxIncludedPrice_excludes_delivery_coupon,https://item.rakuten.co.jp/weimall/ct0/,704502086,331810175:row=0:col=5,＼ランキング1位／【選べる17サイズ】 カーテン 4枚セット 遮光 レースカーテンセット 1級 三層構造 形状記憶 遮熱 遮像 防寒 洗える 遮光カーテン UVカット 幅100 幅150 4枚 2枚 カーテンセット カーテン4枚組 ミラーレース 厚手 省エネ 防音 無地 送料無料 / 幅100×丈135cm(4枚組) / ベージュ,3980,observed_product_currentPrice_excludes_delivery_surcharge,https://wowma.jp/item/704502086
observed-ct0-au-original-only,ct0,CT01110NV,【最大2000円OFFクーポン配布】カーテン 遮光 1級 2級 遮光カーテン 遮光率99.99% 幅100cm 幅150cm レースカーテンセット カーテンセット タッセル付き UVカット 厚手 断熱 遮熱 省エネ シンプル 無地 洗える ウォッシャブル ドレープカーテン おしゃれ / 100×110cm / ノクターンネイビー / あり,3180,observed_per_sku_taxIncludedPrice_excludes_delivery_coupon,https://item.rakuten.co.jp/weimall/ct0/,704502086,331810175:row=6:col=3,＼ランキング1位／【選べる17サイズ】 カーテン 4枚セット 遮光 レースカーテンセット 1級 三層構造 形状記憶 遮熱 遮像 防寒 洗える 遮光カーテン UVカット 幅100 幅150 4枚 2枚 カーテンセット カーテン4枚組 ミラーレース 厚手 省エネ 防音 無地 送料無料 / 幅100×丈110cm(4枚組) / ノクターンネイビー,3980,observed_product_currentPrice_excludes_delivery_surcharge,https://wowma.jp/item/704502086
observed-ct0-au-original-only,ct0,CT01150BK,【最大2000円OFFクーポン配布】カーテン 遮光 1級 2級 遮光カーテン 遮光率99.99% 幅100cm 幅150cm レースカーテンセット カーテンセット タッセル付き UVカット 厚手 断熱 遮熱 省エネ シンプル 無地 洗える ウォッシャブル ドレープカーテン おしゃれ / 100×150cm / コールブラック / あり,3680,observed_per_sku_taxIncludedPrice_excludes_delivery_coupon,https://item.rakuten.co.jp/weimall/ct0/,704502086,331810175:row=7:col=6,＼ランキング1位／【選べる17サイズ】 カーテン 4枚セット 遮光 レースカーテンセット 1級 三層構造 形状記憶 遮熱 遮像 防寒 洗える 遮光カーテン UVカット 幅100 幅150 4枚 2枚 カーテンセット カーテン4枚組 ミラーレース 厚手 省エネ 防音 無地 送料無料 / 幅100×丈150cm(4枚組) / コールブラック,3980,observed_product_currentPrice_excludes_delivery_surcharge,https://wowma.jp/item/704502086
observed-ct0-au-original-only,ct0,CT01200CG,【最大2000円OFFクーポン配布】カーテン 遮光 1級 2級 遮光カーテン 遮光率99.99% 幅100cm 幅150cm レースカーテンセット カーテンセット タッセル付き UVカット 厚手 断熱 遮熱 省エネ シンプル 無地 洗える ウォッシャブル ドレープカーテン おしゃれ / 100×200cm / アイスグレー / あり,4280,observed_per_sku_taxIncludedPrice_excludes_delivery_coupon,https://item.rakuten.co.jp/weimall/ct0/,704502086,331810175:row=1:col=10,＼ランキング1位／【選べる17サイズ】 カーテン 4枚セット 遮光 レースカーテンセット 1級 三層構造 形状記憶 遮熱 遮像 防寒 洗える 遮光カーテン UVカット 幅100 幅150 4枚 2枚 カーテンセット カーテン4枚組 ミラーレース 厚手 省エネ 防音 無地 送料無料 / 幅100×丈200cm(4枚組) / アイスグレー,3980,observed_product_currentPrice_excludes_delivery_surcharge,https://wowma.jp/item/704502086
observed-ct0-au-original-only,ct0,CT0180NV,【最大2000円OFFクーポン配布】カーテン 遮光 1級 2級 遮光カーテン 遮光率99.99% 幅100cm 幅150cm レースカーテンセット カーテンセット タッセル付き UVカット 厚手 断熱 遮熱 省エネ シンプル 無地 洗える ウォッシャブル ドレープカーテン おしゃれ / 100×80cm / ノクターンネイビー / あり,2780,observed_per_sku_taxIncludedPrice_excludes_delivery_coupon,https://item.rakuten.co.jp/weimall/ct0/,704502086,331810175:row=6:col=0,＼ランキング1位／【選べる17サイズ】 カーテン 4枚セット 遮光 レースカーテンセット 1級 三層構造 形状記憶 遮熱 遮像 防寒 洗える 遮光カーテン UVカット 幅100 幅150 4枚 2枚 カーテンセット カーテン4枚組 ミラーレース 厚手 省エネ 防音 無地 送料無料 / 幅100×丈80cm(4枚組) / ノクターンネイビー,3980,observed_product_currentPrice_excludes_delivery_surcharge,https://wowma.jp/item/704502086
observed-ct0-au-original-only,ct0,CT01185BE,【最大2000円OFFクーポン配布】カーテン 遮光 1級 2級 遮光カーテン 遮光率99.99% 幅100cm 幅150cm レースカーテンセット カーテンセット タッセル付き UVカット 厚手 断熱 遮熱 省エネ シンプル 無地 洗える ウォッシャブル ドレープカーテン おしゃれ / 100×185cm / ベージュ / あり,3980,observed_per_sku_taxIncludedPrice_excludes_delivery_coupon,https://item.rakuten.co.jp/weimall/ct0/,704502086,331810175:row=0:col=8,＼ランキング1位／【選べる17サイズ】 カーテン 4枚セット 遮光 レースカーテンセット 1級 三層構造 形状記憶 遮熱 遮像 防寒 洗える 遮光カーテン UVカット 幅100 幅150 4枚 2枚 カーテンセット カーテン4枚組 ミラーレース 厚手 省エネ 防音 無地 送料無料 / 幅100×丈185cm(4枚組) / ベージュ,3980,observed_product_currentPrice_excludes_delivery_surcharge,https://wowma.jp/item/704502086
observed-ct0-au-original-only,ct0,CT01200BK,【最大2000円OFFクーポン配布】カーテン 遮光 1級 2級 遮光カーテン 遮光率99.99% 幅100cm 幅150cm レースカーテンセット カーテンセット タッセル付き UVカット 厚手 断熱 遮熱 省エネ シンプル 無地 洗える ウォッシャブル ドレープカーテン おしゃれ / 100×200cm / コールブラック / あり,4280,observed_per_sku_taxIncludedPrice_excludes_delivery_coupon,https://item.rakuten.co.jp/weimall/ct0/,704502086,331810175:row=7:col=10,＼ランキング1位／【選べる17サイズ】 カーテン 4枚セット 遮光 レースカーテンセット 1級 三層構造 形状記憶 遮熱 遮像 防寒 洗える 遮光カーテン UVカット 幅100 幅150 4枚 2枚 カーテンセット カーテン4枚組 ミラーレース 厚手 省エネ 防音 無地 送料無料 / 幅100×丈200cm(4枚組) / コールブラック,3980,observed_product_currentPrice_excludes_delivery_surcharge,https://wowma.jp/item/704502086
observed-ct0-au-original-only,ct0,CT01200SB,【最大2000円OFFクーポン配布】カーテン 遮光 1級 2級 遮光カーテン 遮光率99.99% 幅100cm 幅150cm レースカーテンセット カーテンセット タッセル付き UVカット 厚手 断熱 遮熱 省エネ シンプル 無地 洗える ウォッシャブル ドレープカーテン おしゃれ / 100×200cm / サンドベージュ / あり,4280,observed_per_sku_taxIncludedPrice_excludes_delivery_coupon,https://item.rakuten.co.jp/weimall/ct0/,704502086,331810175:row=4:col=10,＼ランキング1位／【選べる17サイズ】 カーテン 4枚セット 遮光 レースカーテンセット 1級 三層構造 形状記憶 遮熱 遮像 防寒 洗える 遮光カーテン UVカット 幅100 幅150 4枚 2枚 カーテンセット カーテン4枚組 ミラーレース 厚手 省エネ 防音 無地 送料無料 / 幅100×丈200cm(4枚組) / サンドベージュ,3980,observed_product_currentPrice_excludes_delivery_surcharge,https://wowma.jp/item/704502086
observed-ct0-au-original-only,ct0,CT02178GY,【最大2000円OFFクーポン配布】カーテン 遮光 1級 2級 遮光カーテン 遮光率99.99% 幅100cm 幅150cm レースカーテンセット カーテンセット タッセル付き UVカット 厚手 断熱 遮熱 省エネ シンプル 無地 洗える ウォッシャブル ドレープカーテン おしゃれ / 150×178cm / ライトグレー / あり,3880,observed_per_sku_taxIncludedPrice_excludes_delivery_coupon,https://item.rakuten.co.jp/weimall/ct0/,704502086,331810175:row=2:col=15,＼ランキング1位／【選べる17サイズ】 カーテン 4枚セット 遮光 レースカーテンセット 1級 三層構造 形状記憶 遮熱 遮像 防寒 洗える 遮光カーテン UVカット 幅100 幅150 4枚 2枚 カーテンセット カーテン4枚組 ミラーレース 厚手 省エネ 防音 無地 送料無料 / 幅150×丈178cm(2枚組) / ライトグレー,3980,observed_product_currentPrice_excludes_delivery_surcharge,https://wowma.jp/item/704502086
observed-ct0-au-original-only,ct0,CT01200BE,【最大2000円OFFクーポン配布】カーテン 遮光 1級 2級 遮光カーテン 遮光率99.99% 幅100cm 幅150cm レースカーテンセット カーテンセット タッセル付き UVカット 厚手 断熱 遮熱 省エネ シンプル 無地 洗える ウォッシャブル ドレープカーテン おしゃれ / 100×200cm / ベージュ / あり,4280,observed_per_sku_taxIncludedPrice_excludes_delivery_coupon,https://item.rakuten.co.jp/weimall/ct0/,704502086,331810175:row=0:col=10,＼ランキング1位／【選べる17サイズ】 カーテン 4枚セット 遮光 レースカーテンセット 1級 三層構造 形状記憶 遮熱 遮像 防寒 洗える 遮光カーテン UVカット 幅100 幅150 4枚 2枚 カーテンセット カーテン4枚組 ミラーレース 厚手 省エネ 防音 無地 送料無料 / 幅100×丈200cm(4枚組) / ベージュ,3980,observed_product_currentPrice_excludes_delivery_surcharge,https://wowma.jp/item/704502086
observed-ct0-au-original-only,ct0,CT01200BR,【最大2000円OFFクーポン配布】カーテン 遮光 1級 2級 遮光カーテン 遮光率99.99% 幅100cm 幅150cm レースカーテンセット カーテンセット タッセル付き UVカット 厚手 断熱 遮熱 省エネ シンプル 無地 洗える ウォッシャブル ドレープカーテン おしゃれ / 100×200cm / カフェブラウン / あり,4280,observed_per_sku_taxIncludedPrice_excludes_delivery_coupon,https://item.rakuten.co.jp/weimall/ct0/,704502086,331810175:row=8:col=10,＼ランキング1位／【選べる17サイズ】 カーテン 4枚セット 遮光 レースカーテンセット 1級 三層構造 形状記憶 遮熱 遮像 防寒 洗える 遮光カーテン UVカット 幅100 幅150 4枚 2枚 カーテンセット カーテン4枚組 ミラーレース 厚手 省エネ 防音 無地 送料無料 / 幅100×丈200cm(4枚組) / カフェブラウン,3980,observed_product_currentPrice_excludes_delivery_surcharge,https://wowma.jp/item/704502086
observed-ct0-au-original-only,ct0,CT01200SG,【最大2000円OFFクーポン配布】カーテン 遮光 1級 2級 遮光カーテン 遮光率99.99% 幅100cm 幅150cm レースカーテンセット カーテンセット タッセル付き UVカット 厚手 断熱 遮熱 省エネ シンプル 無地 洗える ウォッシャブル ドレープカーテン おしゃれ / 100×200cm / スモークグレー / あり,4280,observed_per_sku_taxIncludedPrice_excludes_delivery_coupon,https://item.rakuten.co.jp/weimall/ct0/,704502086,331810175:row=3:col=10,＼ランキング1位／【選べる17サイズ】 カーテン 4枚セット 遮光 レースカーテンセット 1級 三層構造 形状記憶 遮熱 遮像 防寒 洗える 遮光カーテン UVカット 幅100 幅150 4枚 2枚 カーテンセット カーテン4枚組 ミラーレース 厚手 省エネ 防音 無地 送料無料 / 幅100×丈200cm(4枚組) / スモークグレー,3980,observed_product_currentPrice_excludes_delivery_surcharge,https://wowma.jp/item/704502086
observed-ct0-au-original-only,ct0,CT02178GR,【最大2000円OFFクーポン配布】カーテン 遮光 1級 2級 遮光カーテン 遮光率99.99% 幅100cm 幅150cm レースカーテンセット カーテンセット タッセル付き UVカット 厚手 断熱 遮熱 省エネ シンプル 無地 洗える ウォッシャブル ドレープカーテン おしゃれ / 150×178cm / ユーカリグリーン / あり,3880,observed_per_sku_taxIncludedPrice_excludes_delivery_coupon,https://item.rakuten.co.jp/weimall/ct0/,704502086,331810175:row=5:col=15,＼ランキング1位／【選べる17サイズ】 カーテン 4枚セット 遮光 レースカーテンセット 1級 三層構造 形状記憶 遮熱 遮像 防寒 洗える 遮光カーテン UVカット 幅100 幅150 4枚 2枚 カーテンセット カーテン4枚組 ミラーレース 厚手 省エネ 防音 無地 送料無料 / 幅150×丈178cm(2枚組) / ユーカリグリーン,3980,observed_product_currentPrice_excludes_delivery_surcharge,https://wowma.jp/item/704502086
