サービス,分類,robots / home,最新query,CAPTCHA/拒否,CDN・widget手掛かり,結果品質,備考,最新証拠
Google (`google`),A 独自インデックス型,今回のrunでは対象外,200 content_observed,拒否/Challenge未確認,未集計（provider観測未採点）,候補抽出未実施・検索精度未評価 / 候補0件・公式0件（0件は未抽出）,負荷観測のみ。検索精度は未評価。,[検索URL](https://www.google.com/search?q=Python%20%E5%85%AC%E5%BC%8F%E3%83%89%E3%82%AD%E3%83%A5%E3%83%A1%E3%83%B3%E3%83%88) / [保存HTML](../../../../lab-runs/search-tokyo-20261004-batched/blobs/cf7c3873022988553580af984350744524de204a1a3c6c9378b508e8e4302d04) / DOM `cf7c38730229`
Bing (`bing`),A 独自インデックス型,今回のrunでは対象外,execution_error,時間配分停止（ローカル中断。サービス拒否の証拠ではない）,未集計（provider観測未採点）,候補抽出未実施・検索精度未評価 / 候補0件・公式0件（0件は未抽出）,負荷観測のみ。検索精度は未評価。 手動観察: 全サイトを比較する時間配分のため専用ブラウザを停止。後続ローカル遷移エラーはサイト側の拒否ではない。,[検索URL](https://www.bing.com/search?q=%E6%9D%B1%E4%BA%AC%E9%83%BD%E5%A4%A7%E7%94%B0%E5%8C%BA%20%E6%B1%A0%E4%B8%8A%E6%9C%AC%E9%96%80%E5%AF%BA%20%E6%9D%BE%E6%BF%A4%E5%9C%92%20%E5%85%AC%E9%96%8B%E6%97%A5)
Brave Search (`brave`),A 独自インデックス型,今回のrunでは対象外,429 rate_limited_observed,HTTP 429,未集計（provider観測未採点）,候補抽出未実施・検索精度未評価 / 候補0件・公式0件（0件は未抽出）,負荷観測のみ。検索精度は未評価。,[検索URL](https://search.brave.com/search?q=Python%20%E5%85%AC%E5%BC%8F%E3%83%89%E3%82%AD%E3%83%A5%E3%83%A1%E3%83%B3%E3%83%88) / [保存HTML](../../../../lab-runs/search-tokyo-20261004-batched/blobs/9c6593477c216ab6c6f06559fb9022ccaa3425cddb0b631a572f4ced28594cd2) / [画面](../../../../lab-runs/search-tokyo-20261004-batched/blobs/5804283a98d19b887328b83f14d6f7688ecd58df225dbe9071e61cb9840702aa) / DOM `9c6593477c21`
Mojeek (`mojeek`),A 独自インデックス型,今回未実測,今回未実測,今回未実測,未集計（provider観測未採点）,今回未実測・検索精度未評価 / 候補0件・公式0件（0件は未抽出）,負荷観測のみ。検索精度は未評価。,今回未実測
Yep (`yep`),A 独自インデックス型,今回未実測,今回未実測,今回未実測,未集計（provider観測未採点）,今回未実測・検索精度未評価 / 候補0件・公式0件（0件は未抽出）,負荷観測のみ。検索精度は未評価。,今回未実測
Mwmbl (`mwmbl`),A 独自インデックス型,今回未実測,今回未実測,今回未実測,未集計（provider観測未採点）,今回未実測・検索精度未評価 / 候補0件・公式0件（0件は未抽出）,負荷観測のみ。検索精度は未評価。,今回未実測
YaCy (`yacy`),A 独自インデックス型,今回未実測,今回未実測,今回未実測,未集計（provider観測未採点）,今回未実測・検索精度未評価 / 候補0件・公式0件（0件は未抽出）,負荷観測のみ。検索精度は未評価。,今回未実測
Marginalia Search (`marginalia`),A 独自インデックス型,今回未実測,今回未実測,今回未実測,未集計（provider観測未採点）,今回未実測・検索精度未評価 / 候補0件・公式0件（0件は未抽出）,負荷観測のみ。検索精度は未評価。,今回未実測
Wiby (`wiby`),A 独自インデックス型,今回未実測,今回未実測,今回未実測,未集計（provider観測未採点）,今回未実測・検索精度未評価 / 候補0件・公式0件（0件は未抽出）,負荷観測のみ。検索精度は未評価。,今回未実測
Yandex (`yandex`),A 独自インデックス型,今回のrunでは対象外,200 content_observed,challenge,未集計（provider観測未採点）,候補抽出未実施・検索精度未評価 / 候補0件・公式0件（0件は未抽出）,負荷観測のみ。検索精度は未評価。,[検索URL](https://yandex.com/search/?text=Python%20%E5%85%AC%E5%BC%8F%E3%83%89%E3%82%AD%E3%83%A5%E3%83%A1%E3%83%B3%E3%83%88) / [保存HTML](../../../../lab-runs/search-tokyo-20261004-batched/blobs/30fbd567eea2ce8737540459de5342f5b796f34136fc8f19b4c8bd4f54858fb2) / [画面](../../../../lab-runs/search-tokyo-20261004-batched/blobs/2350f9e80b4bf9a7b31393b85edd2f8d4558e7a270b3b0e1c54eaad9979c5e81) / DOM `30fbd567eea2`
Baidu (`baidu`),A 独自インデックス型,今回未実測,今回未実測,今回未実測,未集計（provider観測未採点）,今回未実測・検索精度未評価 / 候補0件・公式0件（0件は未抽出）,負荷観測のみ。検索精度は未評価。,今回未実測
Naver (`naver`),A 独自インデックス型,今回未実測,今回未実測,今回未実測,未集計（provider観測未採点）,今回未実測・検索精度未評価 / 候補0件・公式0件（0件は未抽出）,負荷観測のみ。検索精度は未評価。,今回未実測
DuckDuckGo (`duckduckgo`),B プロキシ・メタ検索型,今回のrunでは対象外,execution_error,時間配分停止（ローカル中断。サービス拒否の証拠ではない）,未集計（provider観測未採点）,候補抽出未実施・検索精度未評価 / 候補0件・公式0件（0件は未抽出）,負荷観測のみ。検索精度は未評価。 手動観察: 全サイトを比較する時間配分のため専用ブラウザを停止。後続ローカル遷移エラーはサイト側の拒否ではない。,[検索URL](https://duckduckgo.com/?q=%E6%97%A9%E7%A8%B2%E7%94%B0%E5%A4%A7%E5%AD%A6%20%E6%95%99%E5%93%A1)
Startpage (`startpage`),B プロキシ・メタ検索型,今回のrunでは対象外,200 content_observed,verification_gate,未集計（provider観測未採点）,候補抽出未実施・検索精度未評価 / 候補0件・公式0件（0件は未抽出）,負荷観測のみ。検索精度は未評価。,[検索URL](https://www.startpage.com/sp/search?query=%E6%9D%B1%E4%BA%AC%E9%83%BD%E5%A4%A7%E7%94%B0%E5%8C%BA%20%E6%B1%A0%E4%B8%8A%E6%9C%AC%E9%96%80%E5%AF%BA%20%E6%9D%BE%E6%BF%A4%E5%9C%92%20%E5%85%AC%E9%96%8B%E6%97%A5) / [保存HTML](../../../../lab-runs/search-tokyo-20261004-batched/blobs/29cc1d146a86ec5f1adacaea89edc1455a282b426a738661356279f4500c8a93) / [画面](../../../../lab-runs/search-tokyo-20261004-batched/blobs/23a2650c151423801c6bbb0cf8294ea24b1f9fef2300c4786ef21294a106341a) / DOM `29cc1d146a86`
Qwant (`qwant`),B プロキシ・メタ検索型,今回のrunでは対象外,200 content_observed,country_unavailable,未集計（provider観測未採点）,候補抽出未実施・検索精度未評価 / 候補0件・公式0件（0件は未抽出）,負荷観測のみ。検索精度は未評価。,[検索URL](https://www.qwant.com/?q=%E6%9D%B1%E4%BA%AC%E9%83%BD%E5%A4%A7%E7%94%B0%E5%8C%BA%20%E6%B1%A0%E4%B8%8A%E6%9C%AC%E9%96%80%E5%AF%BA%20%E6%9D%BE%E6%BF%A4%E5%9C%92%20%E5%85%AC%E9%96%8B%E6%97%A5&t=web) / [保存HTML](../../../../lab-runs/search-tokyo-20261004-batched/blobs/e9b535f40511be730133ff92bde0d51b4cdd879429e89c0d2b0aab0fb26113a2) / [画面](../../../../lab-runs/search-tokyo-20261004-batched/blobs/087b570f431beef4b342401d90bf9d599203d0e2553a382e772fd01dc619532d) / DOM `e9b535f40511`
Ecosia (`ecosia`),B プロキシ・メタ検索型,今回のrunでは対象外,403 challenge_observed,HTTP 403,未集計（provider観測未採点）,候補抽出未実施・検索精度未評価 / 候補0件・公式0件（0件は未抽出）,負荷観測のみ。検索精度は未評価。,[検索URL](https://www.ecosia.org/search?q=%E6%9D%B1%E4%BA%AC%E9%83%BD%E5%A4%A7%E7%94%B0%E5%8C%BA%20%E6%B1%A0%E4%B8%8A%E6%9C%AC%E9%96%80%E5%AF%BA%20%E6%9D%BE%E6%BF%A4%E5%9C%92%20%E5%85%AC%E9%96%8B%E6%97%A5) / [保存HTML](../../../../lab-runs/search-tokyo-20261004-batched/blobs/9249cdda846f095ede6a2c72b678f4791494d2ff4d6f4bd7e6c1cab825d1d4d5) / [画面](../../../../lab-runs/search-tokyo-20261004-batched/blobs/3878570f4a62a0d65f57cf1754e0269e56ec797f4e36e26b44c172eb6e800401) / DOM `9249cdda846f`
Swisscows (`swisscows`),B プロキシ・メタ検索型,今回未実測,今回未実測,今回未実測,未集計（provider観測未採点）,今回未実測・検索精度未評価 / 候補0件・公式0件（0件は未抽出）,負荷観測のみ。検索精度は未評価。,今回未実測
MetaGer (`metager`),B プロキシ・メタ検索型,今回未実測,今回未実測,今回未実測,未集計（provider観測未採点）,今回未実測・検索精度未評価 / 候補0件・公式0件（0件は未抽出）,負荷観測のみ。検索精度は未評価。,今回未実測
SearXNG (`searxng`),B プロキシ・メタ検索型,今回未実測,今回未実測,今回未実測,未集計（provider観測未採点）,今回未実測・検索精度未評価 / 候補0件・公式0件（0件は未抽出）,負荷観測のみ。検索精度は未評価。,今回未実測
4get (`fourget`),B プロキシ・メタ検索型,今回未実測,今回未実測,今回未実測,未集計（provider観測未採点）,今回未実測・検索精度未評価 / 候補0件・公式0件（0件は未抽出）,負荷観測のみ。検索精度は未評価。,今回未実測
Disconnect Search (`disconnect`),B プロキシ・メタ検索型,今回未実測,今回未実測,今回未実測,未集計（provider観測未採点）,今回未実測・検索精度未評価 / 候補0件・公式0件（0件は未抽出）,負荷観測のみ。検索精度は未評価。,今回未実測
Gibiru (`gibiru`),B プロキシ・メタ検索型,今回未実測,今回未実測,今回未実測,未集計（provider観測未採点）,今回未実測・検索精度未評価 / 候補0件・公式0件（0件は未抽出）,負荷観測のみ。検索精度は未評価。,今回未実測
Lukol (`lukol`),B プロキシ・メタ検索型,今回未実測,今回未実測,今回未実測,未集計（provider観測未採点）,今回未実測・検索精度未評価 / 候補0件・公式0件（0件は未抽出）,負荷観測のみ。検索精度は未評価。,今回未実測
OceanHero (`oceanhero`),B プロキシ・メタ検索型,今回未実測,今回未実測,今回未実測,未集計（provider観測未採点）,今回未実測・検索精度未評価 / 候補0件・公式0件（0件は未抽出）,負荷観測のみ。検索精度は未評価。,今回未実測
YouCare (`youcare`),B プロキシ・メタ検索型,今回未実測,今回未実測,今回未実測,未集計（provider観測未採点）,今回未実測・検索精度未評価 / 候補0件・公式0件（0件は未抽出）,負荷観測のみ。検索精度は未評価。,今回未実測
Yahoo! JAPAN (`yahoo-japan`),B プロキシ・メタ検索型,今回のrunでは対象外,429 rate_limited_observed,HTTP 429,未集計（provider観測未採点）,候補抽出未実施・検索精度未評価 / 候補0件・公式0件（0件は未抽出）,負荷観測のみ。検索精度は未評価。,[検索URL](https://search.yahoo.co.jp/search?p=%E6%97%A9%E7%A8%B2%E7%94%B0%E5%A4%A7%E5%AD%A6%20%E6%95%99%E5%93%A1) / [保存HTML](../../../../lab-runs/search-tokyo-20261004-batched/blobs/ab9ec3fba73ca5444e641432cabbf03a16b6234b2e6dea0db69bb1c8ed54b51b) / [画面](../../../../lab-runs/search-tokyo-20261004-batched/blobs/c8a9bba1b703f982416636b15b27e0355df16b4564423ca187e31e45a276887b) / DOM `ab9ec3fba73c`
goo (`goo`),B プロキシ・メタ検索型,今回未実測,今回未実測,今回未実測,未集計（provider観測未採点）,今回未実測・検索精度未評価 / 候補0件・公式0件（0件は未抽出）,負荷観測のみ。検索精度は未評価。,今回未実測
Kagi (`kagi`),C サブスクリプション型,今回のrunでは対象外,200 content_observed,auth_required,未集計（provider観測未採点）,候補抽出未実施・検索精度未評価 / 候補0件・公式0件（0件は未抽出）,負荷観測のみ。検索精度は未評価。,[検索URL](https://kagi.com/search?q=%E6%9D%B1%E4%BA%AC%E9%83%BD%E5%A4%A7%E7%94%B0%E5%8C%BA%20%E6%B1%A0%E4%B8%8A%E6%9C%AC%E9%96%80%E5%AF%BA%20%E6%9D%BE%E6%BF%A4%E5%9C%92%20%E5%85%AC%E9%96%8B%E6%97%A5) / [保存HTML](../../../../lab-runs/search-tokyo-20261004-batched/blobs/d87cdca94b874aae0ab61d034520a8fcbdd8ae211a1a126b5625e86036a29ed5) / [画面](../../../../lab-runs/search-tokyo-20261004-batched/blobs/d38d03c6f4f369683bb9f4bda472744d29390d3183aa2ec0fbb7c48315df3833) / DOM `d87cdca94b87`
Perplexity (`perplexity`),D AI回答エンジン,今回未実測,今回未実測,今回未実測,未集計（provider観測未採点）,今回未実測・検索精度未評価 / 候補0件・公式0件（0件は未抽出）,負荷観測のみ。検索精度は未評価。,今回未実測
Felo (`felo`),D AI回答エンジン,今回未実測,今回未実測,今回未実測,未集計（provider観測未採点）,今回未実測・検索精度未評価 / 候補0件・公式0件（0件は未抽出）,負荷観測のみ。検索精度は未評価。,今回未実測
Genspark (`genspark`),D AI回答エンジン,今回未実測,今回未実測,今回未実測,未集計（provider観測未採点）,今回未実測・検索精度未評価 / 候補0件・公式0件（0件は未抽出）,負荷観測のみ。検索精度は未評価。,今回未実測
You.com (`you`),D AI回答エンジン,今回未実測,今回未実測,今回未実測,未集計（provider観測未採点）,今回未実測・検索精度未評価 / 候補0件・公式0件（0件は未抽出）,負荷観測のみ。検索精度は未評価。,今回未実測
Phind (`phind`),D AI回答エンジン,今回未実測,今回未実測,今回未実測,未集計（provider観測未採点）,今回未実測・検索精度未評価 / 候補0件・公式0件（0件は未抽出）,負荷観測のみ。検索精度は未評価。,今回未実測
Bagoodex (`bagoodex`),D AI回答エンジン,今回未実測,今回未実測,今回未実測,未集計（provider観測未採点）,今回未実測・検索精度未評価 / 候補0件・公式0件（0件は未抽出）,負荷観測のみ。検索精度は未評価。,今回未実測
Brave Search API (`brave-api`),E 検索API,今回未実測,今回未実測,今回未実測,未集計（provider観測未採点）,今回未実測・検索精度未評価 / 候補0件・公式0件（0件は未抽出）,負荷観測のみ。検索精度は未評価。,今回未実測
SerpApi (`serpapi`),E 検索API,今回未実測,今回未実測,今回未実測,未集計（provider観測未採点）,今回未実測・検索精度未評価 / 候補0件・公式0件（0件は未抽出）,負荷観測のみ。検索精度は未評価。,今回未実測
DataForSEO (`dataforseo`),E 検索API,今回未実測,今回未実測,今回未実測,未集計（provider観測未採点）,今回未実測・検索精度未評価 / 候補0件・公式0件（0件は未抽出）,負荷観測のみ。検索精度は未評価。,今回未実測
Firecrawl (`firecrawl`),E 検索API,今回未実測,今回未実測,今回未実測,未集計（provider観測未採点）,今回未実測・検索精度未評価 / 候補0件・公式0件（0件は未抽出）,負荷観測のみ。検索精度は未評価。,今回未実測
Exa (`exa`),E 検索API,今回未実測,今回未実測,今回未実測,未集計（provider観測未採点）,今回未実測・検索精度未評価 / 候補0件・公式0件（0件は未抽出）,負荷観測のみ。検索精度は未評価。,今回未実測
Tavily (`tavily`),E 検索API,今回未実測,今回未実測,今回未実測,未集計（provider観測未採点）,今回未実測・検索精度未評価 / 候補0件・公式0件（0件は未抽出）,負荷観測のみ。検索精度は未評価。,今回未実測
WolframAlpha (`wolframalpha`),F 専門・ニッチ,今回未実測,今回未実測,今回未実測,未集計（provider観測未採点）,今回未実測・検索精度未評価 / 候補0件・公式0件（0件は未抽出）,負荷観測のみ。検索精度は未評価。,今回未実測
BASE (`base`),F 専門・ニッチ,今回未実測,今回未実測,今回未実測,未集計（provider観測未採点）,今回未実測・検索精度未評価 / 候補0件・公式0件（0件は未抽出）,負荷観測のみ。検索精度は未評価。,今回未実測
RefSeek (`refseek`),F 専門・ニッチ,今回未実測,今回未実測,今回未実測,未集計（provider観測未採点）,今回未実測・検索精度未評価 / 候補0件・公式0件（0件は未抽出）,負荷観測のみ。検索精度は未評価。,今回未実測
Lenso.ai (`lenso`),F 専門・ニッチ,今回未実測,今回未実測,今回未実測,未集計（provider観測未採点）,今回未実測・検索精度未評価 / 候補0件・公式0件（0件は未抽出）,負荷観測のみ。検索精度は未評価。,今回未実測
Unsplash (`unsplash`),F 専門・ニッチ,今回未実測,今回未実測,今回未実測,未集計（provider観測未採点）,今回未実測・検索精度未評価 / 候補0件・公式0件（0件は未抽出）,負荷観測のみ。検索精度は未評価。,今回未実測
Kiddle (`kiddle`),F 専門・ニッチ,今回未実測,今回未実測,今回未実測,未集計（provider観測未採点）,今回未実測・検索精度未評価 / 候補0件・公式0件（0件は未抽出）,負荷観測のみ。検索精度は未評価。,今回未実測
Wacky Safe (`wacky-safe`),F 専門・ニッチ,今回未実測,今回未実測,今回未実測,未集計（provider観測未採点）,今回未実測・検索精度未評価 / 候補0件・公式0件（0件は未抽出）,負荷観測のみ。検索精度は未評価。,今回未実測
OneSearch (`onesearch`),追加検索サービス,今回未実測,今回未実測,今回未実測,未集計（provider観測未採点）,今回未実測・検索精度未評価 / 候補0件・公式0件（0件は未抽出）,負荷観測のみ。検索精度は未評価。,今回未実測
Peekier (`peekier`),追加検索サービス,今回未実測,今回未実測,今回未実測,未集計（provider観測未採点）,今回未実測・検索精度未評価 / 候補0件・公式0件（0件は未抽出）,負荷観測のみ。検索精度は未評価。,今回未実測
Yahoo!きっず (`yahoo-kids`),追加検索サービス,今回未実測,今回未実測,今回未実測,未集計（provider観測未採点）,今回未実測・検索精度未評価 / 候補0件・公式0件（0件は未抽出）,負荷観測のみ。検索精度は未評価。,今回未実測
